2298-c,1,color42,size,brown,black,belt,brown
2298-c,3,color31,size,red,purple,flower,red
2298-c,4,size32,size,red,purple,yarn,size_red
2298-c,5,color21,size,black,brown,turtle,black
2298-c,6,size22,size,blue,purple,butterfly,size
2298-c,7,color32,size,blue,red,tack,blue
2298-c,8,size42,size,purple,orange,billiardball,size_purple
2298-c,10,size33,size,green,brown,jacket,size
2298-c,11,size44,size,purple,orange,coathanger,size
2298-c,12,size22,size,red,blue,candle,size
2298-c,13,color21,size,green,blue,binder,green
2298-c,22,color22,size,blue,purple,ornament,blue
2298-c,23,color42,size,white,pink,phone,white
2298-c,24,size43,size,white,pink,weddingcake,size
2298-c,26,color41,size,red,blue,toothbrush,red
2298-c,32,size21,size,purple,green,bracelet,size
2298-c,33,color41,size,red,green,pepper,red
2298-c,34,size41,size,blue,pink,golfball,size
2298-c,35,color43,size,blue,orange,cap,blue
2298-c,37,size21,size,white,pink,teacup,size
2298-c,38,color33,size,green,black,avocado,green
2298-c,45,size44,size,purple,pink,hairdryer,size
2298-c,46,size42,size,yellow,white,shoe,size_yellow
2298-c,48,size41,size,pink,red,bucket,size
2298-c,49,color44,size,purple,blue,rug,purple
2298-c,50,color22,size,blue,black,comb,blue
2298-c,59,size33,size,blue,green,guitar,size
2298-c,60,color44,size,red,purple,stapler,red
2298-c,61,size31,size,blue,orange,cushion,size
2298-c,62,color31,size,red,green,chair,red
2298-c,64,color32,size,blue,black,book,blue
2298-c,65,color33,size,red,purple,bike,red
2298-c,66,size32,size,purple,green,rock,size
2298-c,67,size31,size,yellow,orange,napkin,size
2298-c,69,size43,size,yellow,pink,balloon,size
2298-c,71,color43,size,pink,green,framee,pink
2662-0,1,color21,size,brown,green,jacket,brown
2662-0,4,color43,size,pink,yellow,balloon,pink
2662-0,5,size21,size,white,pink,phone,size
2662-0,6,color44,size,blue,green,guitar,blue
2662-0,7,size44,size,red,blue,toothbrush,size
2662-0,8,color41,size,green,purple,bracelet,green
2662-0,9,color22,size,brown,black,turtle,brown
2662-0,11,size32,size,pink,white,teacup,size
2662-0,14,color21,size,blue,black,book,blue
2662-0,16,size43,size,green,red,chair,size
2662-0,17,size33,size,purple,orange,coathanger,size
2662-0,19,size44,size,pink,white,weddingcake,size
2662-0,21,color42,size,blue,red,tack,blue
2662-0,24,color33,size,blue,green,binder,blue
2662-0,25,size21,size,purple,red,bike,size
2662-0,28,color31,size,purple,pink,hairdryer,purple
2662-0,29,size32,size,red,green,pepper,size
2662-0,35,color33,size,red,purple,stapler,red
2662-0,36,size42,size,black,brown,belt,size
2662-0,37,size31,size,blue,pink,golfball,size
2662-0,38,size42,size,white,yellow,shoe,size
2662-0,39,size41,size,pink,green,framee,size
2662-0,41,size33,size,blue,purple,ornament,size
2662-0,44,size41,size,purple,orange,billiardball,size
2662-0,45,size22,size,black,blue,comb,size
2662-0,46,color32,size,purple,green,rock,purple
2662-0,49,color22,size,black,green,avocado,black
2662-0,50,color44,size,blue,orange,cap,blue
2662-0,51,color31,size,blue,orange,cushion,blue
2662-0,54,size43,size,purple,red,yarn,size
2662-0,59,size22,size,orange,yellow,napkin,size
2662-0,62,color42,size,blue,purple,butterfly,blue
2662-0,65,size31,size,purple,blue,rug,size
2662-0,67,color41,size,purple,red,flower,purple
2662-0,68,color32,size,pink,red,bucket,pink
2662-0,70,color43,size,blue,red,candle,blue
4633-0,1,color44,size,yellow,white,shoe,yellow
4633-0,3,size43,size,red,blue,toothbrush,size_red
4633-0,5,size32,size,black,brown,turtle,size
4633-0,6,size33,size,red,pink,bucket,size
4633-0,10,color21,size,pink,purple,hairdryer,pink
4633-0,11,size21,size,blue,red,candle,size
4633-0,12,color33,size,pink,yellow,balloon,pink
4633-0,13,color42,size,green,pink,framee,green
4633-0,14,color32,size,brown,black,belt,brown
4633-0,15,size41,size,orange,blue,cushion,size
4633-0,16,size44,size,purple,red,stapler,size
4633-0,20,size22,size,yellow,orange,napkin,size
4633-0,21,color22,size,red,blue,tack,red
4633-0,22,color33,size,purple,green,rock,purple
4633-0,23,color21,size,orange,blue,cap,orange
4633-0,24,size42,size,black,green,avocado,size
4633-0,26,size22,size,purple,orange,billiardball,size
4633-0,29,color22,size,purple,blue,ornament,purple
4633-0,34,size31,size,purple,red,yarn,size_purple
4633-0,40,color44,size,green,blue,binder,green
4633-0,42,size42,size,green,red,chair,size_green
4633-0,43,color41,size,purple,red,bike,purple
4633-0,44,size43,size,purple,red,flower,size_purple
4633-0,48,size31,size,black,blue,comb,size
4633-0,50,color41,size,orange,purple,coathanger,orange
1997-d,1,color41,size,purple,pink,hairdryer,size_purple
1997-d,2,size33,size,blue,black,comb,size
1997-d,5,size31,size,pink,white,phone,size_pink
1997-d,6,size44,size,purple,blue,ornament,size
1997-d,7,size31,size,green,pink,framee,size_green
1997-d,10,color44,size,white,yellow,shoe,white
1997-d,15,size42,size,white,pink,weddingcake,size_white
1997-d,16,size43,size,pink,blue,golfball,size_pink
1997-d,17,color33,size,green,black,avocado,green
1997-d,20,color43,size,green,brown,jacket,green
1997-d,21,color31,size,purple,red,stapler,purple
1997-d,24,color22,size,purple,orange,coathanger,purple
1997-d,25,size42,size,blue,purple,rug,size_blue
1997-d,26,color31,size,blue,purple,butterfly,blue
1997-d,28,color22,size,black,brown,belt,black
1997-d,30,size21,size,pink,white,teacup,size_pink
1997-d,32,color32,size,orange,yellow,napkin,orange
1997-d,33,size41,size,blue,red,tack,size_blue
1997-d,36,size43,size,black,brown,turtle,size
1997-d,38,color44,size,green,red,pepper,green
1997-d,42,size22,size,red,pink,bucket,size
1997-d,50,color21,size,blue,black,book,blue
1997-d,51,color42,size,blue,red,toothbrush,blue
1997-d,54,size33,size,blue,orange,cushion,size
1997-d,57,size44,size,red,blue,candle,size
1997-d,58,size41,size,red,purple,yarn,size_red
1997-d,59,color41,size,green,blue,binder,green
1997-d,60,color32,size,pink,yellow,balloon,pink
1997-d,61,size32,size,purple,green,bracelet,size_purple
1997-d,62,size32,size,green,blue,guitar,size_green
1997-d,63,color21,size,green,red,chair,green
1997-d,64,color42,size,blue,orange,cap,blue
1997-d,65,size21,size,purple,green,rock,size
1997-d,66,color43,size,orange,purple,billiardball,orange
1997-d,69,size22,size,red,purple,flower,size
1997-d,72,color33,size,red,purple,bike,red
8691-5,1,color43,size,blue,green,guitar,blue
8691-5,2,size41,size,blue,orange,cap,size_blue
8691-5,6,color32,size,blue,black,comb,blue
8691-5,7,size33,size,red,purple,bike,size
8691-5,10,color43,size,white,yellow,shoe,white
8691-5,15,size43,size,pink,red,bucket,size
8691-5,17,color31,size,green,red,pepper,green
8691-5,20,color42,size,pink,white,phone,pink
8691-5,21,color22,size,red,green,chair,red
8691-5,22,size21,size,purple,blue,ornament,size
8691-5,23,size22,size,pink,yellow,balloon,size
8691-5,24,size32,size,black,brown,turtle,size
8691-5,25,color22,size,yellow,orange,napkin,yellow
8691-5,26,size32,size,pink,blue,golfball,size
8691-5,27,color33,size,purple,green,bracelet,purple
8691-5,29,size44,size,black,blue,book,size
8691-5,32,color41,size,purple,red,yarn,purple
8691-5,35,color44,size,blue,green,binder,blue
8691-5,36,size22,size,purple,green,rock,size
8691-5,38,color42,size,pink,green,framee,pink
8691-5,39,size42,size,white,pink,weddingcake,size
8691-5,40,color21,size,red,blue,toothbrush,red
8691-5,41,color41,size,blue,purple,butterfly,blue
8691-5,43,size31,size,red,purple,stapler,size_red
8691-5,47,size44,size,black,brown,belt,size
8691-5,49,color32,size,black,green,avocado,black
8691-5,50,color21,size,green,brown,jacket,green
8691-5,56,size43,size,blue,red,candle,size
8691-5,57,size31,size,pink,purple,hairdryer,size
8691-5,59,color31,size,blue,orange,cushion,blue
8691-5,60,color44,size,red,blue,tack,red
8691-5,61,size33,size,red,purple,flower,size
8691-5,65,size41,size,orange,purple,coathanger,size
8691-5,67,size21,size,purple,orange,billiardball,size
8691-5,70,color33,size,pink,white,teacup,pink
8691-5,71,size42,size,blue,purple,rug,size
3791-8,4,color44,size,red,pink,bucket,red
3791-8,7,size21,size,red,purple,yarn,red
3791-8,8,size42,size,blue,red,toothbrush,blue
3791-8,9,color43,size,black,brown,belt,black
3791-8,11,color33,size,purple,orange,billiardball,purple
3791-8,13,size43,size,red,purple,stapler,red
3791-8,14,color31,size,blue,orange,cushion,blue
3791-8,16,size43,size,purple,blue,ornament,size_purple
3791-8,18,color31,size,orange,blue,cap,orange
3791-8,19,color22,size,brown,green,jacket,brown
3791-8,20,size42,size,pink,green,framee,size_pink
3791-8,21,color43,size,black,blue,comb,black
3791-8,22,size31,size,blue,purple,rug,size_blue
3791-8,24,size21,size,pink,blue,golfball,size_pink
3791-8,25,size44,size,white,pink,teacup,size
3791-8,30,size41,size,green,purple,bracelet,size_green
3791-8,31,color32,size,red,purple,bike,red
3791-8,32,size32,size,white,pink,phone,size_white
3791-8,34,color22,size,purple,blue,butterfly,purple
3791-8,36,color44,size,purple,orange,coathanger,purple
3791-8,39,color33,size,white,pink,weddingcake,white
3791-8,41,color42,size,blue,red,candle,blue
3791-8,43,color41,size,green,red,chair,green
3791-8,45,color21,size,yellow,pink,balloon,yellow
3791-8,46,color41,size,pink,purple,hairdryer,pink
3791-8,47,size32,size,black,green,avocado,size_black
3791-8,51,color42,size,purple,green,rock,purple
3791-8,52,size41,size,red,green,pepper,size_red
3791-8,53,size33,size,yellow,orange,napkin,size
3791-8,59,size31,size,black,brown,turtle,size_black
3791-8,63,size33,size,blue,red,tack,size
3791-8,64,color32,size,green,blue,binder,green
3791-8,66,size44,size,white,yellow,shoe,size
3791-8,67,size22,size,blue,black,book,size
3791-8,70,color21,size,blue,green,guitar,blue
5664-b,1,size43,size,white,pink,phone,size_white
5664-b,2,size44,size,blue,purple,ornament,size
5664-b,3,color31,size,blue,orange,cap,blue
5664-b,4,color32,size,yellow,pink,balloon,yellow
5664-b,12,color33,size,green,pink,framee,green
5664-b,13,color43,size,brown,black,turtle,brown
5664-b,14,size22,size,red,purple,stapler,size
5664-b,16,size44,size,green,red,pepper,size
5664-b,17,size33,size,purple,orange,coathanger,size
5664-b,19,size33,size,purple,red,yarn,size
5664-b,21,color41,size,black,blue,book,black
5664-b,25,color42,size,pink,white,weddingcake,pink
5664-b,26,color22,size,blue,red,toothbrush,blue
5664-b,27,color41,size,green,purple,rock,green
5664-b,28,size41,size,green,black,avocado,size_green
5664-b,29,size31,size,orange,yellow,napkin,size_orange
5664-b,33,color42,size,purple,red,bike,purple
5664-b,34,color21,size,red,blue,candle,red
5664-b,36,color32,size,white,pink,teacup,white
5664-b,37,color44,size,orange,blue,cushion,orange
5664-b,43,size41,size,red,pink,bucket,size_red
5664-b,46,size43,size,purple,red,flower,size_purple
5664-b,49,size22,size,purple,pink,hairdryer,size
5664-b,50,size32,size,red,blue,tack,size_red
5664-b,55,size21,size,brown,green,jacket,size_brown
5664-b,57,color43,size,green,blue,guitar,green
5664-b,58,color33,size,yellow,white,shoe,yellow
5664-b,59,color31,size,blue,purple,rug,blue
5664-b,60,size42,size,pink,blue,golfball,size_pink
5664-b,64,size32,size,purple,blue,butterfly,size_purple
5664-b,65,size31,size,orange,purple,billiardball,size_orange
5664-b,66,color21,size,green,blue,binder,green
5664-b,67,size21,size,green,purple,bracelet,size_green
5664-b,68,color22,size,red,green,chair,red
5664-b,69,size42,size,black,brown,belt,size_black
0082-3,2,size42,size,pink,white,phone,size_pink
0082-3,4,size42,size,green,pink,framee,size_green
0082-3,5,color44,size,white,yellow,shoe,white
0082-3,6,size41,size,purple,green,bracelet,size_purple
0082-3,10,color32,size,green,purple,rock,green
0082-3,11,size22,size,blue,green,guitar,size
0082-3,16,color43,size,purple,blue,ornament,purple
0082-3,17,size31,size,blue,black,book,size_blue
0082-3,19,color33,size,black,brown,belt,black
0082-3,21,color44,size,blue,black,comb,blue
0082-3,25,color21,size,red,blue,candle,red
0082-3,26,color32,size,pink,white,teacup,pink
0082-3,28,color21,size,purple,blue,rug,purple
0082-3,30,color41,size,purple,red,flower,purple
0082-3,32,color41,size,pink,purple,hairdryer,pink
0082-3,33,size43,size,red,blue,tack,size_red
0082-3,35,size43,size,pink,blue,golfball,size_pink
0082-3,36,size31,size,red,purple,yarn,size_red
0082-3,38,color22,size,red,purple,stapler,red
0082-3,40,color31,size,purple,orange,coathanger,purple
0082-3,41,color22,size,red,blue,toothbrush,red
0082-3,44,size32,size,purple,blue,butterfly,size_purple
0082-3,45,size44,size,red,pink,bucket,size
0082-3,47,size22,size,pink,yellow,balloon,size
0082-3,50,color43,size,green,red,chair,green
0082-3,54,size21,size,blue,green,binder,size_blue
0082-3,56,size21,size,pink,white,weddingcake,size_pink
0082-3,57,size33,size,orange,yellow,napkin,size
0082-3,58,size33,size,purple,orange,billiardball,size
0082-3,62,color42,size,green,red,pepper,green
0082-3,63,color42,size,green,brown,jacket,green
0082-3,64,color33,size,orange,blue,cushion,orange
0082-3,66,size44,size,black,green,avocado,size
0082-3,68,size32,size,blue,orange,cap,size_blue
0082-3,71,size41,size,red,purple,bike,size_red
0082-3,72,color31,size,black,brown,turtle,black
9165-a,3,color41,size,white,pink,weddingcake,white
9165-a,4,size43,size,pink,red,bucket,size_pink
9165-a,5,size42,size,purple,blue,butterfly,size_purple
9165-a,7,size43,size,red,purple,bike,size_red
9165-a,9,color43,size,red,purple,flower,red
9165-a,12,size21,size,purple,red,stapler,size_purple
9165-a,14,size33,size,green,red,chair,size
9165-a,15,color32,size,pink,blue,golfball,pink
9165-a,22,color21,size,yellow,orange,napkin,yellow
9165-a,25,size21,size,pink,yellow,balloon,size_pink
9165-a,27,color21,size,black,blue,book,black
9165-a,28,color22,size,red,blue,candle,red
9165-a,29,color31,size,purple,pink,hairdryer,purple
9165-a,31,color44,size,orange,purple,coathanger,orange
9165-a,32,size31,size,green,blue,guitar,size_green
9165-a,33,color42,size,pink,white,teacup,pink
9165-a,34,size42,size,red,blue,toothbrush,size_red
9165-a,36,color41,size,green,red,pepper,green
9165-a,41,size44,size,green,purple,rock,size
9165-a,42,color43,size,pink,green,framee,pink
9165-a,43,size41,size,orange,purple,billiardball,size_orange
9165-a,44,color42,size,red,purple,yarn,red
9165-a,45,size32,size,black,brown,turtle,size_black
9165-a,47,color32,size,purple,green,bracelet,purple
9165-a,48,color33,size,blue,black,comb,blue
9165-a,50,size22,size,orange,blue,cap,size
9165-a,52,color31,size,green,blue,binder,green
9165-a,54,size41,size,black,green,avocado,size_black
9165-a,56,size32,size,black,brown,belt,size_black
9165-a,60,color44,size,brown,green,jacket,brown
9165-a,61,size31,size,white,yellow,shoe,size_white
9165-a,62,color33,size,purple,blue,ornament,purple
9165-a,63,size44,size,orange,blue,cushion,size
9165-a,65,color22,size,white,pink,phone,white
9165-a,67,size22,size,blue,red,tack,size
9165-a,68,size33,size,purple,blue,rug,size
1749-c,2,color22,size,black,blue,comb,black
1749-c,5,color44,size,green,red,pepper,green
1749-c,6,size42,size,white,pink,weddingcake,size
1749-c,7,color44,size,green,black,avocado,green
1749-c,8,color43,size,orange,yellow,napkin,orange
1749-c,11,color21,size,white,pink,phone,white
1749-c,14,color31,size,white,yellow,shoe,white
1749-c,15,size31,size,purple,red,flower,size
1749-c,17,color22,size,orange,purple,billiardball,orange
1749-c,18,size31,size,purple,blue,butterfly,size_purple
1749-c,24,color32,size,blue,red,tack,blue
1749-c,26,size32,size,brown,green,jacket,size_brown
1749-c,27,size43,size,orange,blue,cushion,size_orange
1749-c,28,color42,size,green,pink,framee,green
1749-c,31,size21,size,blue,purple,ornament,size_blue
1749-c,32,color32,size,pink,red,bucket,pink
1749-c,34,size33,size,purple,orange,coathanger,size
1749-c,36,color33,size,blue,orange,cap,blue
1749-c,37,color43,size,purple,red,yarn,purple
1749-c,38,size22,size,blue,red,candle,size
1749-c,39,size21,size,blue,pink,golfball,size
1749-c,42,color21,size,red,purple,bike,red
1749-c,47,color33,size,blue,black,book,blue
1749-c,48,size44,size,purple,green,bracelet,size
1749-c,49,size22,size,blue,green,binder,size
1749-c,50,size43,size,green,red,chair,size_green
1749-c,54,color41,size,green,blue,guitar,green
1749-c,55,size33,size,green,purple,rock,size
1749-c,56,size32,size,purple,pink,hairdryer,size
1749-c,60,color41,size,black,brown,turtle,size_black
1749-c,62,color31,size,purple,red,stapler,purple
1749-c,64,color42,size,blue,red,toothbrush,blue
1749-c,65,size44,size,pink,white,teacup,size
1749-c,66,size41,size,yellow,pink,balloon,size_yellow
1749-c,69,size42,size,purple,blue,rug,size_purple
1749-c,72,size41,size,brown,black,belt,size_brown
4242-5,1,size41,size,blue,purple,ornament,size_blue
4242-5,2,size33,size,brown,black,turtle,size_brown
4242-5,6,color44,size,purple,blue,butterfly,purple
4242-5,9,color21,size,pink,blue,golfball,pink
4242-5,10,color31,size,green,purple,rock,green
4242-5,12,color32,size,blue,orange,cap,blue
4242-5,15,size22,size,pink,yellow,balloon,size_pink
4242-5,17,size44,size,pink,white,phone,size_pink
4242-5,18,color33,size,purple,red,yarn,purple
4242-5,19,size33,size,white,pink,weddingcake,size
4242-5,22,size42,size,blue,orange,cushion,size_blue
4242-5,23,color42,size,black,green,avocado,black
4242-5,25,color33,size,purple,red,bike,purple
4242-5,27,color22,size,pink,white,teacup,pink
4242-5,28,size21,size,red,blue,candle,size_red
4242-5,29,size44,size,orange,purple,billiardball,size
4242-5,31,color21,size,purple,red,stapler,purple
4242-5,33,color43,size,blue,black,comb,blue
4242-5,35,color22,size,blue,purple,rug,blue
4242-5,38,color31,size,blue,black,book,blue
4242-5,41,size21,size,green,red,chair,size_green
4242-5,43,size42,size,pink,green,framee,size_pink
4242-5,45,size43,size,blue,red,toothbrush,size_blue
4242-5,46,color44,size,brown,black,belt,brown
4242-5,48,color41,size,green,purple,bracelet,green
4242-5,50,size43,size,red,blue,tack,size_red
4242-5,52,size31,size,purple,pink,hairdryer,size_purple
4242-5,54,size22,size,green,brown,jacket,size_green
4242-5,55,size31,size,blue,green,guitar,size_blue
4242-5,56,color42,size,blue,green,binder,blue
4242-5,61,size32,size,green,red,pepper,size_green
4242-5,63,color41,size,pink,red,bucket,size_pink
4242-5,64,color32,size,orange,purple,coathanger,orange
4242-5,69,color43,size,orange,yellow,napkin,orange
4242-5,72,size41,size,purple,red,flower,size_purple
9973-0,1,color43,size,blue,green,binder,blue
9973-0,2,size41,size,blue,black,comb,size_blue
9973-0,5,size43,size,pink,yellow,balloon,size
9973-0,7,color22,size,purple,red,stapler,purple
9973-0,8,color42,size,black,green,avocado,black
9973-0,9,color43,size,purple,blue,butterfly,purple
9973-0,10,size33,size,white,yellow,shoe,size
9973-0,11,color33,size,brown,black,belt,brown
9973-0,13,color31,size,green,pink,framee,green
9973-0,16,color41,size,purple,blue,rug,purple
9973-0,17,color42,size,red,green,chair,red
9973-0,18,color32,size,blue,pink,golfball,blue
9973-0,20,size44,size,orange,yellow,napkin,size
9973-0,22,color44,size,orange,purple,coathanger,orange
9973-0,23,color33,size,green,purple,rock,green
9973-0,26,color44,size,blue,red,toothbrush,blue
9973-0,29,color31,size,red,blue,candle,red
9973-0,31,size44,size,green,purple,bracelet,size
9973-0,32,color41,size,blue,green,guitar,blue
9973-0,33,size42,size,white,pink,weddingcake,size
9973-0,34,size33,size,blue,purple,ornament,size
9973-0,38,size43,size,white,pink,teacup,size
9973-0,39,size22,size,red,purple,bike,size
9973-0,43,size31,size,black,brown,turtle,size
9973-0,44,color21,size,purple,orange,billiardball,purple
9973-0,49,color21,size,pink,purple,hairdryer,size_pink
9973-0,50,size21,size,red,purple,flower,size
9973-0,51,size31,size,pink,white,phone,size
9973-0,52,color32,size,orange,blue,cap,orange
9973-0,55,size41,size,red,blue,tack,size
9973-0,59,size22,size,orange,blue,cushion,size
9973-0,62,size21,size,red,pink,bucket,size
9973-0,64,color22,size,green,red,pepper,green
9973-0,65,size32,size,red,purple,yarn,size
9973-0,67,size32,size,blue,black,book,size
9973-0,68,size42,size,green,brown,jacket,size
4855-c,3,size43,size,black,blue,book,size
4855-c,6,color22,size,red,blue,candle,red
4855-c,7,size22,size,orange,purple,billiardball,size
4855-c,11,size21,size,purple,blue,rug,size
4855-c,12,color22,size,brown,green,jacket,brown
4855-c,13,color44,size,purple,red,yarn,purple
4855-c,15,color33,size,green,blue,guitar,green
4855-c,16,size41,size,purple,orange,coathanger,size_purple
4855-c,17,size41,size,black,brown,belt,size_black
4855-c,18,color32,size,black,brown,turtle,black
4855-c,19,color42,size,blue,pink,golfball,blue
4855-c,20,color21,size,green,red,chair,green
4855-c,21,size44,size,blue,red,tack,size
4855-c,23,color43,size,black,blue,comb,size_black
4855-c,25,size22,size,red,purple,bike,size
4855-c,28,color43,size,purple,pink,hairdryer,size_purple
4855-c,29,color33,size,green,red,pepper,green
4855-c,31,color31,size,green,pink,framee,green
4855-c,35,color44,size,orange,yellow,napkin,orange
4855-c,36,size44,size,black,green,avocado,size
4855-c,37,size32,size,orange,blue,cushion,size
4855-c,43,size43,size,white,pink,phone,size
4855-c,45,size21,size,pink,yellow,balloon,size
4855-c,46,size33,size,red,pink,bucket,size
4855-c,48,size42,size,red,purple,flower,size
4855-c,49,size32,size,green,purple,rock,size
4855-c,50,size31,size,red,blue,toothbrush,size
4855-c,52,size31,size,white,yellow,shoe,size
4855-c,53,color32,size,purple,blue,butterfly,purple
4855-c,55,color42,size,blue,green,binder,blue
4855-c,57,color41,size,white,pink,weddingcake,size_white
4855-c,60,color41,size,orange,blue,cap,orange
4855-c,62,size33,size,red,purple,stapler,size
4855-c,63,size42,size,blue,purple,ornament,size
4855-c,66,color21,size,white,pink,teacup,white
4855-c,71,color31,size,green,purple,bracelet,green
4886-d,1,color42,size,blue,red,tack,blue
4886-d,3,color31,size,orange,blue,cushion,orange
4886-d,4,size41,size,black,green,avocado,size_black
4886-d,5,size43,size,blue,pink,golfball,size_blue
4886-d,7,size33,size,blue,purple,ornament,size_blue
4886-d,8,color41,size,white,yellow,shoe,white
4886-d,9,size21,size,purple,red,bike,size_purple
4886-d,12,size32,size,blue,green,guitar,size
4886-d,14,size22,size,red,green,chair,size
4886-d,17,size21,size,blue,orange,cap,size_blue
4886-d,20,color21,size,purple,blue,rug,purple
4886-d,21,size42,size,white,pink,teacup,size
4886-d,24,color41,size,green,purple,rock,green
4886-d,26,color33,size,black,brown,turtle,black
4886-d,28,size42,size,pink,red,bucket,size
4886-d,29,size31,size,orange,purple,coathanger,size
4886-d,31,color21,size,green,purple,bracelet,green
4886-d,32,color42,size,brown,green,jacket,brown
4886-d,33,color22,size,white,pink,phone,white
4886-d,38,color43,size,blue,red,toothbrush,blue
4886-d,43,color43,size,red,green,pepper,red
4886-d,44,color44,size,pink,purple,hairdryer,pink
4886-d,45,size44,size,brown,black,belt,size
4886-d,46,color22,size,purple,red,stapler,purple
4886-d,52,size22,size,green,pink,framee,size
4886-d,53,size31,size,orange,yellow,napkin,size
4886-d,55,size43,size,white,pink,weddingcake,size
4886-d,56,color32,size,black,blue,book,black
4886-d,57,size32,size,red,blue,candle,size
4886-d,58,color31,size,red,purple,flower,red
4886-d,61,size44,size,pink,yellow,balloon,size
4886-d,68,size41,size,black,blue,comb,size
4886-d,69,color32,size,green,blue,binder,green
4886-d,70,color33,size,purple,red,yarn,purple
6879-8,1,size41,size,purple,red,flower,size_purple
6879-8,5,color41,size,blue,orange,cap,blue
6879-8,7,size42,size,purple,blue,ornament,size_purple
6879-8,9,size31,size,green,red,pepper,size_green
6879-8,11,size33,size,green,purple,bracelet,size
6879-8,15,size43,size,yellow,pink,balloon,size_yellow
6879-8,17,color32,size,purple,pink,hairdryer,purple
6879-8,19,size33,size,black,blue,comb,size
6879-8,20,color32,size,blue,pink,golfball,blue
6879-8,21,size43,size,green,red,chair,size_green
6879-8,23,size42,size,purple,red,stapler,size_purple
6879-8,26,size22,size,blue,red,toothbrush,size
6879-8,27,size44,size,blue,green,binder,size
6879-8,28,color44,size,blue,orange,cushion,blue
6879-8,29,color43,size,green,pink,framee,green
6879-8,30,size41,size,red,blue,candle,size_red
6879-8,33,color42,size,white,pink,phone,white
6879-8,36,color21,size,yellow,orange,napkin,yellow
6879-8,38,color22,size,orange,purple,coathanger,orange
6879-8,46,color43,size,blue,black,book,blue
6879-8,47,color33,size,purple,blue,rug,purple
6879-8,49,color44,size,brown,green,jacket,brown
6879-8,52,color41,size,red,blue,tack,red
6879-8,53,size21,size,blue,green,guitar,size
6879-8,54,size32,size,red,pink,bucket,size_red
6879-8,55,color31,size,purple,red,yarn,purple
6879-8,61,color31,size,blue,purple,butterfly,blue
6879-8,63,color42,size,white,pink,weddingcake,white
6879-8,64,color22,size,red,purple,bike,red
6879-8,65,size31,size,purple,green,rock,size_purple
6879-8,68,size21,size,white,pink,teacup,size_white
6879-8,69,size22,size,orange,purple,billiardball,size
6879-8,70,size44,size,brown,black,belt,size
6879-8,71,color33,size,black,brown,turtle,black
6879-8,72,size32,size,yellow,white,shoe,size_yellow
0842-a,3,size44,size,blue,purple,rug,size
0842-a,4,color31,size,purple,green,rock,purple
0842-a,5,size21,size,pink,green,framee,size_pink
0842-a,7,color41,size,purple,blue,butterfly,purple
0842-a,9,size33,size,green,blue,guitar,size
0842-a,11,color42,size,orange,yellow,napkin,orange
0842-a,13,color21,size,brown,green,jacket,brown
0842-a,16,color43,size,yellow,white,shoe,yellow
0842-a,17,size33,size,pink,white,weddingcake,size
0842-a,20,color41,size,green,red,pepper,green
0842-a,21,size41,size,purple,red,bike,size_purple
0842-a,22,color44,size,green,purple,bracelet,green
0842-a,24,color21,size,green,blue,binder,green
0842-a,26,size22,size,blue,purple,ornament,size
0842-a,27,size44,size,pink,red,bucket,size
0842-a,32,size31,size,black,blue,book,size_black
0842-a,34,color22,size,blue,red,tack,blue
0842-a,35,color31,size,blue,pink,golfball,blue
0842-a,37,color42,size,red,purple,yarn,red
0842-a,38,color32,size,brown,black,turtle,brown
0842-a,39,size43,size,blue,red,toothbrush,size_blue
0842-a,43,color22,size,orange,blue,cushion,orange
0842-a,44,size41,size,blue,red,candle,size_blue
0842-a,45,size42,size,red,purple,flower,size_red
0842-a,46,size42,size,orange,purple,billiardball,size_orange
0842-a,50,size32,size,pink,purple,hairdryer,size_pink
0842-a,52,color32,size,black,blue,comb,black
0842-a,55,size43,size,black,green,avocado,size_black
0842-a,56,color43,size,purple,red,stapler,purple
0842-a,62,size22,size,red,green,chair,size
0842-a,63,color33,size,white,pink,teacup,white
0842-a,64,color33,size,purple,orange,coathanger,purple
0842-a,68,size32,size,blue,orange,cap,size_blue
0842-a,69,size31,size,black,brown,belt,size_black
0842-a,71,color44,size,pink,yellow,balloon,pink
0842-a,72,size21,size,pink,white,phone,size_pink
5222-f,3,color22,size,black,brown,turtle,black
5222-f,6,color44,size,red,blue,tack,red
5222-f,8,size31,size,blue,purple,rug,size_blue
5222-f,9,color41,size,pink,blue,golfball,pink
5222-f,11,size41,size,green,black,avocado,size
5222-f,12,color42,size,white,pink,weddingcake,size_white
5222-f,13,color32,size,blue,purple,ornament,blue
5222-f,18,color43,size,orange,yellow,napkin,orange
5222-f,21,size32,size,green,red,chair,size
5222-f,22,color44,size,pink,white,teacup,pink
5222-f,23,size43,size,green,pink,framee,size
5222-f,24,size44,size,purple,orange,coathanger,size
5222-f,25,color31,size,black,blue,comb,black
5222-f,27,color41,size,orange,purple,billiardball,orange
5222-f,28,size22,size,blue,red,toothbrush,size
5222-f,29,size33,size,brown,black,belt,size
5222-f,30,size44,size,purple,pink,hairdryer,size
5222-f,31,color43,size,orange,blue,cap,orange
5222-f,32,size32,size,purple,red,stapler,size
5222-f,35,size21,size,red,purple,bike,size
5222-f,36,color32,size,purple,red,flower,purple
5222-f,43,size42,size,blue,red,candle,size
5222-f,52,color21,size,purple,green,rock,purple
5222-f,53,color31,size,red,purple,yarn,red
5222-f,55,color42,size,green,red,pepper,green
5222-f,58,size22,size,purple,green,bracelet,size
5222-f,60,size41,size,blue,green,binder,size_blue
5222-f,63,size21,size,orange,blue,cushion,size
5222-f,64,color33,size,white,pink,phone,white
5222-f,65,color22,size,white,yellow,shoe,white
5222-f,66,color21,size,red,pink,bucket,red
5222-f,69,color33,size,black,blue,book,black
5222-f,70,size43,size,purple,blue,butterfly,size
5222-f,71,size42,size,brown,green,jacket,size
8691-9,4,size43,size,black,green,avocado,size_black
8691-9,6,size44,size,white,pink,phone,size
8691-9,8,color32,size,green,red,chair,green
8691-9,9,size31,size,purple,orange,coathanger,size_purple
8691-9,13,size33,size,brown,black,turtle,size
8691-9,15,size21,size,red,purple,yarn,size_red
8691-9,17,size22,size,red,purple,bike,size
8691-9,18,color22,size,blue,red,toothbrush,blue
8691-9,20,color21,size,red,purple,stapler,red
8691-9,21,color43,size,brown,black,belt,brown
8691-9,22,size42,size,orange,yellow,napkin,size
8691-9,25,size44,size,pink,white,weddingcake,size
8691-9,26,color42,size,orange,blue,cap,orange
8691-9,31,size21,size,blue,black,book,size
8691-9,34,color33,size,white,pink,teacup,white
8691-9,36,color31,size,purple,blue,ornament,purple
8691-9,37,color41,size,blue,orange,cushion,blue
8691-9,39,size22,size,pink,yellow,balloon,size
8691-9,40,color44,size,green,purple,bracelet,green
8691-9,41,size43,size,purple,blue,rug,size
8691-9,42,color44,size,purple,green,rock,purple
8691-9,44,color33,size,brown,green,jacket,brown
8691-9,45,size33,size,green,blue,binder,size
8691-9,46,size41,size,green,red,pepper,size_green
8691-9,50,size32,size,red,purple,flower,size
8691-9,51,color21,size,pink,purple,hairdryer,pink
8691-9,52,color42,size,blue,purple,butterfly,blue
8691-9,53,color22,size,red,pink,bucket,red
8691-9,55,color41,size,pink,blue,golfball,pink
8691-9,56,color32,size,blue,red,candle,blue
8691-9,58,size41,size,blue,red,tack,size_blue
8691-9,60,color43,size,blue,green,guitar,blue
8691-9,61,size31,size,purple,orange,billiardball,size
8691-9,63,size32,size,yellow,white,shoe,size
8691-9,67,size42,size,green,pink,framee,size
4810-9,2,size33,size,red,blue,toothbrush,size
4810-9,3,color31,size,blue,green,guitar,blue
4810-9,5,size42,size,pink,white,teacup,size
4810-9,7,color32,size,white,pink,weddingcake,white
4810-9,8,color42,size,green,purple,bracelet,green
4810-9,9,color21,size,blue,orange,cushion,blue
4810-9,10,color22,size,blue,purple,rug,blue
4810-9,11,color32,size,purple,red,yarn,purple
4810-9,12,color41,size,brown,black,turtle,size
4810-9,13,color43,size,blue,red,candle,blue
4810-9,17,size42,size,yellow,white,shoe,size
4810-9,18,size43,size,pink,white,phone,size
4810-9,22,size41,size,green,red,pepper,size_green
4810-9,24,color33,size,yellow,orange,napkin,yellow
4810-9,26,color44,size,purple,red,bike,purple
4810-9,28,size22,size,blue,red,tack,size
4810-9,33,color22,size,blue,green,binder,blue
5895-f,1,size43,size,red,purple,flower,size
5895-f,7,size43,size,green,red,chair,size
5895-f,10,color32,size,brown,green,jacket,brown
5895-f,11,color44,size,pink,yellow,balloon,pink
5895-f,13,size42,size,red,blue,toothbrush,size
5895-f,15,color43,size,green,purple,rock,green
5895-f,16,size31,size,purple,green,bracelet,size
5895-f,20,color21,size,red,purple,bike,red
5895-f,22,size32,size,brown,black,belt,size
5895-f,24,size31,size,blue,black,comb,size
5895-f,25,size41,size,blue,orange,cushion,size
5895-f,26,size21,size,green,pink,framee,size
5895-f,27,size32,size,blue,purple,rug,size
5895-f,28,size41,size,red,pink,bucket,size
5895-f,29,color42,size,pink,white,phone,pink
5895-f,30,size33,size,blue,purple,butterfly,size
5895-f,31,size44,size,red,purple,stapler,size
5895-f,34,color43,size,pink,white,teacup,pink
5895-f,39,color42,size,green,blue,guitar,green
5895-f,40,size21,size,green,red,pepper,size
5895-f,41,color31,size,white,yellow,shoe,white
5895-f,43,size22,size,red,purple,yarn,size
5895-f,44,size33,size,pink,blue,golfball,size
5895-f,45,color41,size,red,blue,tack,red
5895-f,47,color44,size,orange,purple,billiardball,orange
5895-f,49,color22,size,blue,green,binder,blue
5895-f,52,color33,size,white,pink,weddingcake,white
5895-f,54,color21,size,green,black,avocado,green
5895-f,59,color32,size,blue,red,candle,blue
5895-f,61,size44,size,purple,orange,coathanger,size
5895-f,63,color22,size,pink,purple,hairdryer,pink
5895-f,65,color33,size,black,blue,book,black
5895-f,66,color41,size,brown,black,turtle,brown
5895-f,67,color31,size,yellow,orange,napkin,yellow
5895-f,69,size22,size,blue,orange,cap,size
5895-f,71,size42,size,purple,blue,ornament,size
3084-5,4,size41,size,green,purple,bracelet,size
3084-5,5,size42,size,blue,purple,ornament,size_blue
3084-5,7,size44,size,purple,orange,coathanger,size
3084-5,8,color32,size,purple,pink,hairdryer,purple
3084-5,10,size21,size,white,pink,phone,size_white
3084-5,11,color32,size,blue,red,tack,blue
3084-5,16,size32,size,brown,green,jacket,size
3084-5,18,size33,size,red,purple,flower,size
3084-5,20,size33,size,purple,blue,rug,size
3084-5,22,size43,size,black,brown,belt,size_black
3084-5,24,size42,size,blue,red,candle,size_blue
3084-5,25,color44,size,green,black,avocado,green
3084-5,26,size32,size,purple,red,yarn,size_purple
3084-5,27,color42,size,red,purple,stapler,red
3084-5,29,color21,size,pink,yellow,balloon,pink
3084-5,30,size22,size,red,pink,bucket,size
3084-5,31,color42,size,white,yellow,shoe,white
3084-5,33,size31,size,blue,pink,golfball,size_blue
3084-5,34,color43,size,purple,green,rock,purple
3084-5,35,color21,size,blue,black,comb,size_blue
3084-5,37,color22,size,pink,white,weddingcake,pink
3084-5,40,size22,size,orange,purple,billiardball,size
3084-5,41,color43,size,purple,blue,butterfly,purple
3084-5,43,color41,size,black,brown,turtle,size_black
3084-5,44,color33,size,green,red,pepper,green
3084-5,46,color33,size,blue,green,binder,blue
3084-5,47,size44,size,blue,orange,cap,size
3084-5,53,color44,size,black,blue,book,black
3084-5,54,size41,size,green,red,chair,size_green
3084-5,55,color41,size,orange,yellow,napkin,size_orange
3084-5,61,color22,size,blue,orange,cushion,blue
3084-5,62,color31,size,purple,red,bike,size_purple
3084-5,64,size31,size,green,pink,framee,size_green
3084-5,67,size43,size,blue,green,guitar,size_blue
3084-5,68,color31,size,pink,white,teacup,pink
3084-5,71,size21,size,blue,red,toothbrush,size_blue
3197-1,1,color21,size,green,red,chair,size_green
3197-1,3,size42,size,red,purple,flower,size_red
3197-1,5,color33,size,white,yellow,shoe,white
3197-1,7,size32,size,brown,black,belt,size_brown
3197-1,11,color32,size,pink,yellow,balloon,pink
3197-1,12,size42,size,red,blue,tack,size_red
3197-1,13,color41,size,green,blue,guitar,green
3197-1,14,size31,size,white,pink,teacup,size_white
3197-1,15,color31,size,green,purple,rock,green
3197-1,16,size41,size,brown,black,turtle,size
3197-1,18,color44,size,purple,orange,billiardball,purple
3197-1,22,color32,size,pink,purple,hairdryer,pink
3197-1,25,size33,size,purple,orange,coathanger,size
3197-1,29,size21,size,white,pink,phone,size
3197-1,31,color41,size,blue,red,toothbrush,blue
3197-1,32,size33,size,purple,red,stapler,size
3197-1,33,size31,size,blue,pink,golfball,size
3197-1,35,size43,size,red,purple,bike,size
3197-1,37,size41,size,purple,blue,butterfly,size_purple
3197-1,38,size21,size,blue,black,comb,size
3197-1,39,size44,size,blue,purple,ornament,size
3197-1,40,color22,size,purple,blue,rug,purple
3197-1,41,color22,size,green,brown,jacket,green
3197-1,42,color33,size,blue,orange,cushion,blue
3197-1,46,size43,size,black,blue,book,size
3197-1,51,color21,size,white,pink,weddingcake,white
3197-1,53,size32,size,orange,yellow,napkin,size_orange
3197-1,55,color43,size,green,blue,binder,green
3197-1,57,size22,size,blue,orange,cap,size
3197-1,58,color42,size,pink,red,bucket,pink
3197-1,62,color31,size,green,pink,framee,green
3197-1,63,color43,size,red,purple,yarn,red
3197-1,65,color44,size,red,green,pepper,red
3197-1,66,color42,size,green,black,avocado,green
3197-1,70,size22,size,green,purple,bracelet,size
3197-1,71,size44,size,blue,red,candle,size
5611-0,1,size44,size,orange,purple,billiardball,size
5611-0,3,color42,size,red,pink,bucket,red
5611-0,4,size22,size,purple,orange,coathanger,size
5611-0,5,size32,size,red,purple,flower,size
5611-0,8,size43,size,blue,black,book,size_blue
5611-0,12,color42,size,black,blue,comb,black
5611-0,13,color41,size,blue,red,tack,blue
5611-0,16,color31,size,yellow,white,shoe,yellow
5611-0,17,size21,size,purple,blue,rug,size_purple
5611-0,18,size33,size,purple,red,stapler,size_purple
5611-0,19,size41,size,blue,green,guitar,size
5611-0,21,color44,size,orange,blue,cushion,orange
5611-0,22,color21,size,green,purple,rock,green
5611-0,23,size41,size,white,pink,phone,size_white
5611-0,25,size21,size,purple,red,yarn,size
5611-0,29,color43,size,orange,blue,cap,orange
5611-0,35,size31,size,green,red,pepper,size_green
5611-0,38,color43,size,brown,green,jacket,brown
5611-0,40,color41,size,brown,black,belt,brown
5611-0,42,color33,size,pink,purple,hairdryer,pink
5611-0,43,color32,size,purple,green,bracelet,purple
5611-0,44,size32,size,orange,yellow,napkin,size_orange
5611-0,45,color31,size,blue,red,toothbrush,blue
5611-0,46,color32,size,brown,black,turtle,brown
5611-0,47,color33,size,blue,pink,golfball,blue
5611-0,50,size42,size,red,purple,bike,size_red
5611-0,52,color22,size,blue,green,binder,blue
5611-0,53,size31,size,green,red,chair,size_green
5611-0,54,color21,size,green,pink,framee,green
5611-0,56,color22,size,purple,blue,butterfly,purple
5611-0,59,size22,size,blue,red,candle,size
5611-0,60,size43,size,purple,blue,ornament,size
5611-0,64,color44,size,black,green,avocado,black
5611-0,67,size33,size,white,pink,teacup,size
5611-0,70,size42,size,pink,yellow,balloon,size
5611-0,72,size44,size,pink,white,weddingcake,size
4205-4,1,color32,size,red,pink,bucket,red
4205-4,2,size42,size,yellow,pink,balloon,size_yellow
4205-4,3,color31,size,purple,green,rock,purple
4205-4,4,color31,size,red,green,pepper,red
4205-4,6,size41,size,purple,red,bike,size_purple
4205-4,8,size32,size,white,yellow,shoe,size_white
4205-4,9,color44,size,orange,purple,billiardball,orange
4205-4,10,color42,size,purple,red,yarn,purple
4205-4,14,color21,size,blue,green,guitar,blue
4205-4,17,color32,size,purple,green,bracelet,purple
4205-4,18,size31,size,white,pink,phone,size_white
4205-4,21,color43,size,orange,purple,coathanger,orange
4205-4,22,size22,size,blue,black,book,size
4205-4,25,color41,size,red,green,chair,red
4205-4,26,size33,size,green,blue,binder,size_green
4205-4,27,size22,size,brown,green,jacket,size
4205-4,28,size21,size,blue,red,candle,size_blue
4205-4,31,size44,size,blue,orange,cap,size
4205-4,32,size41,size,black,brown,turtle,size_black
4205-4,34,size43,size,blue,black,comb,size
4205-4,35,color33,size,blue,purple,ornament,blue
4205-4,36,color41,size,blue,red,toothbrush,blue
4205-4,39,color33,size,purple,red,stapler,purple
4205-4,40,color22,size,green,pink,framee,green
4205-4,42,color22,size,blue,red,tack,blue
4205-4,43,size44,size,purple,pink,hairdryer,size
4205-4,46,size31,size,white,pink,weddingcake,size_white
4205-4,51,size43,size,blue,purple,butterfly,size_blue
4205-4,53,size42,size,pink,white,teacup,size_pink
4205-4,61,size33,size,blue,orange,cushion,size
4205-4,62,color21,size,red,purple,flower,red
4205-4,64,color44,size,black,green,avocado,black
4205-4,66,color43,size,blue,purple,rug,blue
4205-4,67,color42,size,pink,blue,golfball,pink
4205-4,69,size21,size,orange,yellow,napkin,size_orange
4205-4,71,size32,size,brown,black,belt,size
9554-c,1,color44,size,green,purple,rock,green
9554-c,2,color22,size,black,brown,turtle,black
9554-c,5,color33,size,white,pink,weddingcake,white
9554-c,13,color22,size,red,purple,yarn,red
9554-c,14,size21,size,white,pink,teacup,size_white
9554-c,15,size44,size,orange,yellow,napkin,size_orange
9554-c,17,color33,size,blue,orange,cushion,blue
9554-c,19,size32,size,purple,red,stapler,size
9554-c,21,color42,size,red,green,pepper,red
9554-c,22,size41,size,pink,yellow,balloon,size
9554-c,24,color32,size,green,black,avocado,green
9554-c,25,size33,size,purple,orange,coathanger,size
9554-c,26,size42,size,purple,red,flower,size
9554-c,27,size22,size,purple,blue,butterfly,size
9554-c,28,color44,size,red,blue,toothbrush,red
9554-c,29,size41,size,blue,red,candle,size_blue
9554-c,30,size44,size,red,purple,bike,size
9554-c,32,size31,size,white,yellow,shoe,size
9554-c,34,color41,size,black,blue,comb,size_black
9554-c,37,color21,size,blue,pink,golfball,blue
9554-c,42,color43,size,purple,orange,billiardball,purple
9554-c,43,color32,size,blue,green,binder,blue
9554-c,44,size33,size,black,blue,book,size
9554-c,47,size32,size,blue,orange,cap,size
9554-c,50,size31,size,green,red,chair,size
9554-c,51,color31,size,blue,green,guitar,blue
9554-c,52,color31,size,red,pink,bucket,red
9554-c,53,size43,size,black,brown,belt,size
9554-c,55,color43,size,green,purple,bracelet,green
9554-c,56,size43,size,pink,purple,hairdryer,size
9554-c,60,size21,size,purple,blue,ornament,size
9554-c,61,color41,size,blue,purple,rug,blue
9554-c,63,color42,size,red,blue,tack,red
9554-c,65,color21,size,green,brown,jacket,green
9554-c,67,size42,size,pink,white,phone,size
9554-c,71,size22,size,pink,green,framee,size
8344-c,3,size43,size,brown,black,turtle,size_brown
8344-c,9,color43,size,black,brown,belt,black
8344-c,12,color42,size,blue,red,toothbrush,blue
8344-c,13,size32,size,red,blue,candle,size_red
8344-c,14,color33,size,red,purple,bike,red
8344-c,15,size41,size,green,brown,jacket,size_green
8344-c,17,color43,size,blue,black,book,blue
8344-c,18,color33,size,purple,orange,billiardball,purple
8344-c,20,size32,size,purple,orange,coathanger,size_purple
8344-c,22,size31,size,green,pink,framee,size_green
8344-c,27,size33,size,green,purple,bracelet,size_green
8344-c,30,color31,size,green,black,avocado,green
8344-c,33,size43,size,white,pink,phone,size_white
8344-c,34,size44,size,green,blue,guitar,size
8344-c,35,color22,size,red,pink,bucket,red
8344-c,36,size31,size,orange,yellow,napkin,size_orange
8344-c,37,color41,size,red,purple,flower,red
8344-c,39,color32,size,green,purple,rock,green
8344-c,43,color21,size,pink,white,teacup,pink
8344-c,45,size33,size,green,blue,binder,size_green
8344-c,46,color41,size,purple,red,stapler,purple
8344-c,47,size21,size,blue,purple,ornament,size_blue
8344-c,50,color44,size,red,green,chair,red
8344-c,52,color22,size,black,blue,comb,black
8344-c,53,size22,size,white,pink,weddingcake,size
8344-c,54,size41,size,white,yellow,shoe,size_white
8344-c,55,color21,size,green,red,pepper,green
8344-c,58,size22,size,blue,pink,golfball,size
8344-c,63,color42,size,red,purple,yarn,red
8344-c,64,color44,size,blue,orange,cushion,blue
8344-c,66,size42,size,purple,pink,hairdryer,size_purple
8344-c,67,color32,size,blue,orange,cap,blue
8344-c,68,color31,size,blue,red,tack,blue
8344-c,71,size42,size,purple,blue,butterfly,size
3908-9,1,color32,size,pink,white,weddingcake,pink
3908-9,2,size33,size,red,purple,flower,size
3908-9,5,color31,size,blue,green,binder,size_blue
3908-9,8,size43,size,orange,blue,cap,size
3908-9,9,size32,size,black,green,avocado,size
3908-9,14,size22,size,purple,pink,hairdryer,size
3908-9,15,size42,size,yellow,white,shoe,size_yellow
3908-9,17,color21,size,green,red,pepper,size_green
3908-9,21,color22,size,purple,red,stapler,size_purple
3908-9,22,color31,size,red,purple,yarn,size_red
3908-9,28,size22,size,red,blue,toothbrush,size
3908-9,30,size41,size,white,pink,phone,size
3908-9,31,size31,size,purple,blue,rug,size_purple
3908-9,32,color21,size,red,green,chair,size_red
3908-9,34,color42,size,blue,orange,cushion,size_blue
3908-9,36,color41,size,blue,red,tack,size_blue
3908-9,37,size21,size,black,blue,book,size_black
3908-9,43,color42,size,purple,red,bike,size_purple
3908-9,45,size32,size,orange,purple,billiardball,size_orange
3908-9,46,size33,size,orange,yellow,napkin,size
3908-9,48,size44,size,brown,black,belt,size
3908-9,50,size44,size,white,pink,teacup,size
3908-9,51,color32,size,blue,green,guitar,size_blue
3908-9,52,color44,size,blue,red,candle,blue
3908-9,53,color41,size,pink,red,bucket,pink
3908-9,54,color44,size,green,purple,bracelet,green
3908-9,55,color43,size,blue,black,comb,blue
3908-9,59,size42,size,brown,green,jacket,size_brown
3908-9,61,size41,size,black,brown,turtle,size_black
3908-9,67,size43,size,pink,yellow,balloon,size_pink
3908-9,68,size21,size,purple,green,rock,size_purple
3908-9,69,color43,size,blue,purple,butterfly,blue
3908-9,71,size31,size,blue,purple,ornament,size_blue
0327-7,2,size22,size,green,purple,rock,size
0327-7,3,size31,size,black,brown,turtle,size_black
0327-7,5,color43,size,blue,green,binder,blue
0327-7,6,size31,size,purple,blue,ornament,size
0327-7,8,color43,size,purple,red,yarn,purple
0327-7,9,size43,size,blue,pink,golfball,size
0327-7,10,color41,size,orange,purple,billiardball,orange
0327-7,11,size22,size,purple,red,bike,size
0327-7,13,color21,size,red,purple,flower,red
0327-7,14,color31,size,blue,green,guitar,blue
0327-7,24,color42,size,pink,green,framee,pink
0327-7,25,color22,size,red,blue,candle,red
0327-7,26,size44,size,white,yellow,shoe,size
0327-7,28,size32,size,brown,green,jacket,size
0327-7,30,size43,size,yellow,orange,napkin,size
0327-7,32,size21,size,purple,red,stapler,size_purple
0327-7,35,size21,size,pink,red,bucket,size_pink
0327-7,37,color32,size,black,green,avocado,black
0327-7,38,color44,size,orange,blue,cap,orange
0327-7,45,color44,size,red,green,pepper,red
0327-7,47,size33,size,pink,purple,hairdryer,size
0327-7,48,color22,size,purple,blue,rug,purple
0327-7,49,color33,size,pink,yellow,balloon,pink
0327-7,51,color21,size,blue,black,comb,blue
0327-7,52,size44,size,white,pink,phone,size
0327-7,55,size41,size,red,blue,toothbrush,size_red
0327-7,56,color31,size,purple,blue,butterfly,purple
0327-7,57,size32,size,black,brown,belt,size
0327-7,58,size42,size,white,pink,weddingcake,size
0327-7,59,color32,size,blue,black,book,blue
0327-7,61,color33,size,pink,white,teacup,pink
0327-7,62,size41,size,green,purple,bracelet,size
0327-7,65,color41,size,orange,purple,coathanger,orange
0327-7,68,size42,size,blue,orange,cushion,size
0327-7,71,size33,size,red,blue,tack,size
0327-7,72,color42,size,red,green,chair,red
7949-f,1,size31,size,orange,purple,billiardball,size_orange
7949-f,2,color21,size,purple,green,rock,purple
7949-f,3,size42,size,orange,blue,cap,size_orange
7949-f,5,size44,size,blue,black,book,size
7949-f,7,color42,size,yellow,pink,balloon,yellow
7949-f,10,size44,size,pink,white,phone,size
7949-f,12,color44,size,white,pink,teacup,white
7949-f,14,size22,size,black,brown,turtle,size
7949-f,15,color33,size,black,blue,comb,black
7949-f,16,size22,size,blue,red,toothbrush,size
7949-f,17,size41,size,red,purple,yarn,size_red
7949-f,21,size32,size,purple,red,stapler,size_purple
7949-f,26,color43,size,purple,blue,rug,purple
7949-f,29,color42,size,orange,yellow,napkin,orange
7949-f,30,color31,size,blue,orange,cushion,blue
7949-f,31,color43,size,pink,purple,hairdryer,pink
7949-f,32,color41,size,purple,blue,butterfly,purple
7949-f,37,color22,size,purple,green,bracelet,purple
7949-f,38,size21,size,blue,red,candle,size_blue
7949-f,40,color32,size,pink,white,weddingcake,pink
7949-f,41,size33,size,purple,blue,ornament,size
7949-f,42,size43,size,purple,red,flower,size
7949-f,43,color21,size,pink,green,framee,pink
7949-f,46,size32,size,pink,red,bucket,size_pink
7949-f,47,size31,size,black,green,avocado,size_black
7949-f,50,color32,size,blue,pink,golfball,blue
7949-f,52,size33,size,red,green,chair,size
7949-f,56,color31,size,green,red,pepper,green
7949-f,57,color22,size,brown,black,belt,brown
7949-f,58,size21,size,white,yellow,shoe,size_white
7949-f,59,size41,size,green,blue,binder,size_green
7949-f,62,size42,size,blue,red,tack,size_blue
7949-f,64,color33,size,purple,orange,coathanger,purple
7949-f,66,size43,size,red,purple,bike,size
7949-f,67,color41,size,green,blue,guitar,green
7949-f,72,color44,size,green,brown,jacket,green
0071-5,8,size33,size,pink,green,framee,size
0071-5,13,size43,size,yellow,orange,napkin,size
0071-5,16,size41,size,blue,black,book,size
0071-5,19,size33,size,brown,green,jacket,size
0071-5,20,size43,size,purple,green,bracelet,size
0071-5,21,size21,size,green,red,chair,size
0071-5,22,color21,size,pink,purple,hairdryer,pink
0071-5,27,size44,size,red,purple,bike,size
0071-5,31,color33,size,red,green,pepper,red
0071-5,32,color22,size,purple,blue,rug,purple
0071-5,34,color32,size,orange,purple,coathanger,orange
0071-5,35,color41,size,blue,red,toothbrush,blue
0071-5,37,size32,size,orange,blue,cushion,size
0071-5,38,size42,size,green,black,avocado,size
0071-5,40,size22,size,orange,blue,cap,size
0071-5,41,size21,size,black,brown,turtle,size
0071-5,42,size22,size,blue,green,guitar,size
0071-5,49,size44,size,white,pink,teacup,size
0071-5,50,color44,size,blue,green,binder,blue
0071-5,51,color43,size,blue,red,candle,blue
0071-5,52,size32,size,brown,black,belt,size
0071-5,54,size42,size,pink,white,phone,size
0071-5,57,size31,size,red,purple,yarn,size
0071-5,58,color32,size,purple,blue,ornament,purple
0071-5,61,size31,size,red,blue,tack,size
0071-5,62,color31,size,yellow,pink,balloon,size
0071-5,63,color42,size,red,pink,bucket,red
0071-5,65,size41,size,purple,red,flower,size
0071-5,66,color31,size,yellow,white,shoe,yellow
0071-5,71,color33,size,pink,blue,golfball,pink
3676-c,2,size42,size,pink,purple,hairdryer,size_pink
3676-c,6,color22,size,purple,blue,rug,purple
3676-c,10,color42,size,orange,blue,cap,orange
3676-c,11,size21,size,red,blue,candle,size_red
3676-c,16,size22,size,brown,black,belt,size
3676-c,17,size32,size,black,brown,turtle,size
3676-c,18,size44,size,purple,green,bracelet,size
3676-c,19,size43,size,yellow,orange,napkin,size
3676-c,21,size44,size,white,pink,phone,size
3676-c,27,color41,size,purple,blue,butterfly,purple
3676-c,30,color33,size,orange,purple,coathanger,orange
3676-c,31,color33,size,brown,green,jacket,brown
3676-c,32,size22,size,green,black,avocado,size
3676-c,33,color43,size,pink,yellow,balloon,pink
3676-c,37,color44,size,purple,blue,ornament,purple
3676-c,38,size43,size,pink,white,teacup,size
3676-c,42,size33,size,blue,black,comb,size
3676-c,43,color21,size,red,pink,bucket,red
3676-c,44,color43,size,blue,black,book,blue
3676-c,45,color32,size,green,blue,guitar,green
3676-c,46,color21,size,green,red,pepper,green
3676-c,47,size42,size,green,purple,rock,size
3676-c,49,color41,size,pink,blue,golfball,pink
3676-c,50,color32,size,red,blue,toothbrush,red
3676-c,55,color42,size,red,purple,yarn,red
3676-c,56,size21,size,purple,orange,billiardball,size
3676-c,57,color22,size,yellow,white,shoe,yellow
3676-c,58,size31,size,red,purple,stapler,size
3676-c,59,color31,size,purple,red,flower,purple
3676-c,61,size32,size,red,purple,bike,size
3676-c,62,size31,size,blue,orange,cushion,size
3676-c,64,size33,size,green,blue,binder,size
3676-c,65,color44,size,green,red,chair,green
3676-c,67,color31,size,green,pink,framee,green
3676-c,72,size41,size,pink,white,weddingcake,size
6426-3,1,size33,size,orange,blue,cap,size_orange
6426-3,2,color41,size,green,red,chair,size_green
6426-3,6,size43,size,red,green,pepper,size_red
6426-3,7,size33,size,blue,black,comb,size_blue
6426-3,8,color44,size,blue,purple,ornament,blue
6426-3,9,size32,size,purple,blue,butterfly,size_purple
6426-3,14,size44,size,blue,red,candle,size_blue
6426-3,18,color43,size,yellow,white,shoe,size_yellow
6426-3,19,color41,size,purple,red,stapler,size_purple
6426-3,20,size41,size,purple,red,yarn,size_purple
6426-3,22,size31,size,blue,green,guitar,size_blue
6426-3,23,color21,size,yellow,orange,napkin,size_yellow
6426-3,24,size31,size,green,purple,rock,size_green
6426-3,25,color42,size,blue,red,toothbrush,size_blue
6426-3,26,size44,size,green,brown,jacket,size_green
6426-3,28,color43,size,pink,yellow,balloon,pink
6426-3,32,size21,size,red,blue,tack,size_red
6426-3,33,color42,size,white,pink,phone,size_white
6426-3,34,color22,size,brown,black,belt,size_brown
6426-3,35,color44,size,pink,white,teacup,pink
6426-3,38,size41,size,pink,blue,golfball,size_pink
6426-3,41,color33,size,purple,red,bike,purple
6426-3,45,size42,size,black,green,avocado,size_black
6426-3,47,color22,size,brown,black,turtle,brown
6426-3,48,color21,size,white,pink,weddingcake,size_white
6426-3,52,size42,size,purple,orange,coathanger,size_purple
6426-3,53,color31,size,blue,black,book,size_blue
6426-3,54,size21,size,blue,green,binder,size_blue
6426-3,55,color33,size,purple,orange,billiardball,size_purple
6426-3,56,color32,size,pink,purple,hairdryer,size_pink
6426-3,60,color32,size,red,purple,flower,size_red
6426-3,63,size22,size,blue,orange,cushion,size_blue
6426-3,67,size32,size,green,purple,bracelet,size_green
6426-3,68,color31,size,purple,blue,rug,size_purple
6426-3,71,size22,size,green,pink,framee,size_green
1984-6,3,size22,size,blue,red,toothbrush,size
1984-6,5,size33,size,blue,orange,cushion,size
1984-6,6,color41,size,purple,blue,ornament,size_purple
1984-6,12,size21,size,blue,pink,golfball,size
1984-6,13,size42,size,red,pink,bucket,size
1984-6,18,color21,size,red,green,pepper,red
1984-6,19,size21,size,red,purple,yarn,size
1984-6,20,size42,size,red,purple,bike,size
1984-6,22,size22,size,blue,green,binder,size
1984-6,26,color32,size,orange,blue,cap,orange
1984-6,28,color42,size,purple,blue,rug,purple
1984-6,30,color21,size,orange,purple,coathanger,orange
1984-6,33,color32,size,white,pink,phone,white
1984-6,37,size32,size,green,blue,guitar,size
1984-6,39,color31,size,green,pink,framee,green
1984-6,40,color33,size,yellow,pink,balloon,yellow
1984-6,41,color22,size,purple,green,rock,purple
1984-6,42,size33,size,white,pink,weddingcake,size
1984-6,44,size32,size,orange,purple,billiardball,size
1984-6,45,size44,size,blue,red,tack,size
1984-6,46,color44,size,purple,blue,butterfly,purple
1984-6,48,color43,size,pink,white,teacup,pink
1984-6,49,size44,size,black,green,avocado,size
1984-6,51,size43,size,brown,green,jacket,size
1984-6,55,color44,size,black,brown,belt,black
1984-6,58,size41,size,blue,black,book,size
1984-6,60,color42,size,purple,green,bracelet,purple
1984-6,61,size31,size,black,blue,comb,size
1984-6,67,color31,size,green,red,chair,green
1984-6,69,color22,size,yellow,white,shoe,yellow
1984-6,70,size31,size,red,blue,candle,size
1984-6,71,size41,size,black,brown,turtle,size
3909-d,7,size42,size,purple,red,bike,size
3909-d,9,color21,size,pink,green,framee,pink
3909-d,10,color32,size,red,green,pepper,red
3909-d,13,size21,size,purple,pink,hairdryer,size
3909-d,14,size32,size,pink,white,phone,size
3909-d,15,color43,size,blue,purple,rug,blue
3909-d,16,color22,size,blue,orange,cushion,blue
1897-b,1,color43,size,blue,red,toothbrush,blue
1897-b,2,size43,size,red,purple,flower,size_red
1897-b,6,size32,size,black,brown,belt,size
1897-b,10,size21,size,green,purple,bracelet,size_green
1897-b,11,size33,size,red,blue,tack,size
1897-b,14,size33,size,red,purple,yarn,size
1897-b,15,color41,size,red,green,pepper,red
1897-b,17,size41,size,purple,blue,butterfly,size_purple
1897-b,20,color42,size,orange,purple,coathanger,orange
1897-b,25,color43,size,green,black,avocado,green
1897-b,28,size21,size,purple,blue,ornament,size
1897-b,30,color22,size,pink,yellow,balloon,pink
1897-b,34,color32,size,pink,purple,hairdryer,pink
1897-b,35,color31,size,green,red,chair,green
1897-b,39,size32,size,orange,blue,cap,size
1897-b,41,size31,size,green,brown,jacket,size_green
1897-b,42,size22,size,purple,green,rock,size
1897-b,43,color33,size,blue,orange,cushion,blue
1897-b,44,size44,size,purple,red,stapler,size
1897-b,46,color33,size,orange,purple,billiardball,orange
1897-b,49,size31,size,blue,black,book,size_blue
1897-b,50,color44,size,pink,blue,golfball,pink
1897-b,53,size41,size,green,blue,guitar,size_green
1897-b,56,color32,size,purple,blue,rug,purple
1897-b,59,color31,size,white,pink,weddingcake,white
1897-b,60,color21,size,purple,red,bike,purple
1897-b,61,size42,size,red,blue,candle,size
1897-b,62,size42,size,pink,green,framee,size
1897-b,64,color44,size,black,blue,comb,black
1897-b,65,size22,size,pink,red,bucket,size
1897-b,66,color21,size,pink,white,teacup,pink
1897-b,67,color42,size,pink,white,phone,pink
1897-b,68,size43,size,blue,green,binder,size
1897-b,71,color22,size,yellow,white,shoe,yellow
1897-b,72,size44,size,black,brown,turtle,size
9617-1,1,size44,size,pink,white,phone,size_pink
9617-1,3,size41,size,pink,green,framee,size_pink
9617-1,5,color22,size,green,blue,binder,green
9617-1,6,color43,size,green,red,chair,green
9617-1,7,size42,size,pink,white,teacup,size_pink
9617-1,9,size44,size,red,blue,tack,size
9617-1,11,color41,size,purple,orange,billiardball,purple
9617-1,14,size32,size,pink,white,weddingcake,size
9617-1,21,color21,size,pink,blue,golfball,pink
9617-1,25,color42,size,purple,red,stapler,purple
9617-1,26,color31,size,black,blue,book,black
9617-1,27,size42,size,black,green,avocado,size_black
9617-1,28,color42,size,red,blue,toothbrush,red
9617-1,29,size33,size,purple,red,bike,size
9617-1,33,color33,size,yellow,pink,balloon,yellow
9617-1,34,color22,size,purple,pink,hairdryer,purple
9617-1,37,size21,size,pink,red,bucket,size
9617-1,40,color44,size,blue,orange,cap,blue
9617-1,41,color41,size,blue,black,comb,blue
9617-1,42,size31,size,blue,purple,rug,size
9617-1,43,color33,size,blue,red,candle,blue
9617-1,44,size43,size,orange,purple,coathanger,size
9617-1,45,color31,size,green,purple,rock,green
9617-1,46,size32,size,purple,green,bracelet,size
9617-1,47,color43,size,red,green,pepper,red
9617-1,49,size43,size,purple,red,flower,size
9617-1,50,size22,size,yellow,orange,napkin,size
9617-1,52,size21,size,blue,orange,cushion,size
9617-1,56,size31,size,blue,purple,butterfly,size_blue
9617-1,58,color32,size,purple,red,yarn,purple
9617-1,59,color32,size,green,brown,jacket,green
9617-1,61,size33,size,black,brown,belt,size
9617-1,62,color21,size,brown,black,turtle,brown
9617-1,69,color44,size,blue,purple,ornament,blue
9617-1,71,size41,size,green,blue,guitar,size_green
9617-1,72,size22,size,yellow,white,shoe,size
1511-d,1,color31,size,red,blue,candle,red
1511-d,5,size31,size,purple,green,rock,size_purple
1511-d,7,size33,size,orange,blue,cap,size
1511-d,10,size44,size,pink,yellow,balloon,size
1511-d,12,size42,size,brown,black,turtle,size_brown
1511-d,13,color43,size,red,purple,flower,red
1511-d,14,size31,size,blue,green,guitar,size_blue
1511-d,16,size32,size,purple,red,yarn,size_purple
1511-d,17,size22,size,black,green,avocado,size
1511-d,19,size22,size,red,purple,bike,size
1511-d,20,size41,size,green,brown,jacket,size_green
1511-d,21,color42,size,white,pink,weddingcake,white
1511-d,22,color44,size,purple,orange,coathanger,purple
1511-d,23,color41,size,blue,red,tack,blue
1511-d,24,size21,size,red,green,chair,size_red
1511-d,25,color22,size,blue,purple,rug,blue
1511-d,27,size41,size,pink,blue,golfball,size_pink
1511-d,34,color43,size,red,green,pepper,red
1511-d,35,color32,size,purple,pink,hairdryer,purple
1511-d,38,color32,size,purple,red,stapler,purple
1511-d,39,color41,size,blue,purple,butterfly,blue
1511-d,42,color33,size,red,pink,bucket,red
1511-d,43,size43,size,pink,white,phone,size_pink
1511-d,44,color31,size,red,blue,toothbrush,red
1511-d,45,color22,size,black,brown,belt,black
1511-d,48,size32,size,blue,black,book,size_blue
1511-d,52,color44,size,white,yellow,shoe,white
1511-d,54,color33,size,orange,yellow,napkin,orange
1511-d,55,size43,size,blue,orange,cushion,size_blue
1511-d,61,size42,size,purple,orange,billiardball,size_purple
1511-d,64,color21,size,purple,green,bracelet,purple
1511-d,67,color21,size,black,blue,comb,black
1511-d,68,size33,size,pink,white,teacup,size
1511-d,70,size21,size,pink,green,framee,size_pink
6588-d,2,color43,size,red,blue,tack,red
6588-d,3,color44,size,blue,purple,ornament,blue
6588-d,6,color21,size,green,blue,guitar,green
6588-d,8,color42,size,red,purple,stapler,red
6588-d,10,color42,size,black,brown,turtle,black
6588-d,11,color32,size,blue,black,comb,blue
6588-d,13,color22,size,blue,orange,cap,blue
6588-d,17,size43,size,green,purple,bracelet,size_green
6588-d,18,size33,size,pink,green,framee,size_pink
6588-d,19,color33,size,orange,purple,coathanger,orange
6588-d,22,color21,size,red,purple,yarn,red
6588-d,24,size31,size,yellow,white,shoe,size_yellow
6588-d,27,size22,size,green,red,chair,size_green
6588-d,31,size44,size,blue,purple,rug,size_blue
6588-d,33,size42,size,red,green,pepper,size_red
6588-d,36,color32,size,red,blue,candle,red
6588-d,39,color43,size,purple,red,flower,purple
6588-d,41,color22,size,pink,blue,golfball,pink
6588-d,42,size41,size,purple,orange,billiardball,size_purple
6588-d,43,color41,size,black,brown,belt,black
6588-d,45,color31,size,yellow,orange,napkin,yellow
6588-d,46,size21,size,blue,red,toothbrush,size_blue
6588-d,50,size43,size,pink,white,teacup,size_pink
6588-d,55,color41,size,blue,green,binder,blue
6588-d,58,color44,size,blue,black,book,blue
6588-d,59,size21,size,pink,yellow,balloon,size_pink
6588-d,60,size33,size,pink,white,weddingcake,size
6588-d,61,size32,size,green,brown,jacket,size_green
6588-d,62,size42,size,purple,blue,butterfly,size_purple
6588-d,64,size44,size,green,purple,rock,size
6588-d,66,color31,size,red,purple,bike,red
6588-d,67,color33,size,purple,pink,hairdryer,purple
6588-d,72,size22,size,pink,white,phone,size
0585-7,4,size33,size,red,blue,candle,size
0585-7,6,color22,size,brown,black,belt,brown
0585-7,8,size43,size,orange,yellow,napkin,size
0585-7,9,color32,size,black,green,avocado,black
0585-7,10,color43,size,red,purple,stapler,red
0585-7,11,color33,size,pink,red,bucket,pink
0585-7,12,color41,size,red,purple,yarn,red
0585-7,13,size31,size,red,blue,tack,size_red
0585-7,18,size42,size,green,blue,binder,size_green
0585-7,20,size42,size,orange,blue,cap,size_orange
0585-7,21,color22,size,black,brown,turtle,black
0585-7,23,color44,size,purple,orange,coathanger,purple
0585-7,25,size32,size,white,pink,weddingcake,size
0585-7,26,size31,size,pink,yellow,balloon,size_pink
0585-7,27,color42,size,pink,green,framee,pink
0585-7,29,color32,size,purple,red,flower,purple
0585-7,32,color33,size,purple,red,bike,purple
0585-7,33,size33,size,purple,orange,billiardball,size
0585-7,36,size44,size,purple,blue,rug,size
0585-7,38,size22,size,green,red,pepper,size
0585-7,40,color41,size,purple,green,rock,purple
0585-7,41,color43,size,blue,black,book,blue
0585-7,43,size22,size,blue,purple,ornament,size
0585-7,44,color42,size,white,pink,teacup,white
0585-7,47,size32,size,green,purple,bracelet,size_green
0585-7,52,color31,size,pink,blue,golfball,pink
0585-7,54,color21,size,red,green,chair,red
0585-7,55,color44,size,purple,blue,butterfly,purple
0585-7,56,color31,size,pink,white,phone,pink
0585-7,59,size21,size,green,brown,jacket,size_green
0585-7,62,size44,size,blue,black,comb,size
0585-7,64,size43,size,blue,green,guitar,size
0585-7,65,size41,size,red,blue,toothbrush,size_red
0585-7,66,size21,size,yellow,white,shoe,size_yellow
0585-7,68,color21,size,blue,orange,cushion,blue
0585-7,69,size41,size,pink,purple,hairdryer,size_pink
3747-d,3,size21,size,green,purple,bracelet,size_green
3747-d,5,size31,size,yellow,orange,napkin,size_yellow
3747-d,7,size43,size,purple,pink,hairdryer,size_purple
3747-d,8,size44,size,blue,purple,rug,size_blue
3747-d,11,color42,size,brown,black,turtle,brown
3747-d,13,color42,size,white,pink,teacup,white
3747-d,14,color41,size,blue,orange,cap,blue
3747-d,15,color41,size,brown,green,jacket,brown
3747-d,17,color21,size,purple,red,flower,purple
3747-d,20,color44,size,pink,blue,golfball,pink
3747-d,22,size22,size,blue,red,toothbrush,size
3747-d,24,color43,size,blue,purple,ornament,blue
3747-d,26,color32,size,black,blue,comb,black
3747-d,28,size41,size,blue,black,book,size_blue
3747-d,32,size43,size,black,brown,belt,size_black
3747-d,35,size33,size,red,green,chair,size_red
3747-d,38,size32,size,red,purple,bike,size_red
3747-d,40,color43,size,blue,orange,cushion,blue
3747-d,42,size44,size,green,purple,rock,size
3747-d,43,size21,size,red,purple,stapler,size_red
3747-d,44,color44,size,pink,green,framee,pink
3747-d,45,color21,size,pink,white,weddingcake,pink
3747-d,51,size33,size,blue,green,guitar,size_blue
3747-d,54,color33,size,red,blue,candle,red
3747-d,55,size41,size,purple,red,yarn,size_purple
3747-d,56,size42,size,blue,green,binder,size_blue
3747-d,57,color32,size,pink,white,phone,pink
3747-d,60,color22,size,blue,purple,butterfly,blue
3747-d,61,size42,size,green,red,pepper,size_green
3747-d,62,color33,size,black,green,avocado,black
3747-d,63,color31,size,orange,purple,billiardball,orange
3747-d,65,color22,size,pink,yellow,balloon,pink
3747-d,66,color31,size,blue,red,tack,blue
3747-d,67,size32,size,orange,purple,coathanger,size_orange
3747-d,70,size22,size,yellow,white,shoe,size_yellow
3747-d,71,size31,size,red,pink,bucket,size_red
2785-6,1,size22,size,yellow,pink,balloon,size_yellow
2785-6,2,size44,size,blue,red,tack,size_blue
2785-6,3,color32,size,red,blue,candle,red
2785-6,7,color21,size,orange,purple,billiardball,orange
2785-6,9,size32,size,orange,purple,coathanger,size_orange
2785-6,10,size43,size,blue,orange,cushion,size_blue
2785-6,11,size41,size,red,green,pepper,size_red
2785-6,14,color44,size,purple,green,rock,purple
2785-6,15,color42,size,purple,red,stapler,purple
2785-6,17,size41,size,green,black,avocado,size_green
2785-6,19,size21,size,pink,white,teacup,size_pink
2785-6,20,color41,size,purple,blue,butterfly,purple
2785-6,21,color31,size,white,yellow,shoe,white
2785-6,22,size31,size,blue,orange,cap,size_blue
2785-6,24,color32,size,purple,red,yarn,purple
2785-6,25,color22,size,green,pink,framee,green
2785-6,27,color44,size,purple,green,bracelet,purple
2785-6,38,size31,size,pink,white,phone,size_pink
2785-6,39,size42,size,red,pink,bucket,size_red
2785-6,40,color31,size,green,blue,binder,green
2785-6,42,size21,size,green,red,chair,size_green
2785-6,43,size43,size,blue,green,guitar,size_blue
2785-6,44,size44,size,purple,red,flower,size_purple
2785-6,46,size32,size,brown,black,turtle,size
2785-6,47,color22,size,blue,black,comb,blue
2785-6,48,color33,size,brown,green,jacket,brown
2785-6,51,color43,size,blue,purple,rug,blue
2785-6,54,color21,size,white,pink,weddingcake,size_white
2785-6,57,size33,size,pink,blue,golfball,size
2785-6,61,size42,size,yellow,orange,napkin,size_yellow
2785-6,63,color42,size,purple,pink,hairdryer,size_purple
2785-6,64,size33,size,blue,purple,ornament,size
2785-6,67,color33,size,blue,red,toothbrush,blue
2785-6,68,color41,size,red,purple,bike,red
2785-6,69,size22,size,blue,black,book,size
2785-6,71,color43,size,brown,black,belt,brown
1448-1,1,size44,size,orange,purple,coathanger,size
1448-1,6,color44,size,purple,red,flower,purple
1448-1,8,size31,size,pink,green,framee,size_pink
1448-1,10,size21,size,pink,white,weddingcake,size_pink
1448-1,11,color21,size,purple,blue,rug,size_purple
1448-1,16,color42,size,purple,blue,ornament,purple
1448-1,19,size32,size,red,pink,bucket,size_red
1448-1,20,color33,size,brown,black,turtle,brown
1448-1,21,color43,size,blue,pink,golfball,blue
1448-1,23,size32,size,black,green,avocado,size_black
1448-1,24,color31,size,purple,green,rock,size_purple
1448-1,31,color43,size,brown,black,belt,brown
1448-1,32,size41,size,red,purple,yarn,size_red
1448-1,36,size43,size,white,pink,phone,size_white
1448-1,37,color21,size,yellow,orange,napkin,yellow
1448-1,38,color44,size,orange,blue,cap,orange
1448-1,46,size43,size,red,blue,tack,size_red
1448-1,48,color42,size,blue,purple,butterfly,blue
1448-1,50,size31,size,blue,red,candle,size_blue
1448-1,51,color32,size,blue,green,binder,blue
1448-1,52,size42,size,blue,green,guitar,size_blue
1448-1,53,size21,size,orange,blue,cushion,size_orange
1448-1,54,size33,size,red,purple,bike,size
1448-1,56,size22,size,orange,purple,billiardball,size
1448-1,58,color22,size,red,blue,toothbrush,red
1448-1,60,color22,size,green,red,chair,green
1448-1,61,color33,size,pink,white,teacup,pink
1448-1,63,size44,size,white,yellow,shoe,size
1448-1,64,color32,size,green,brown,jacket,green
1448-1,65,color41,size,black,blue,book,black
1448-1,66,color31,size,green,red,pepper,green
1448-1,67,size42,size,yellow,pink,balloon,size_yellow
1448-1,68,size33,size,black,blue,comb,size
1448-1,69,size22,size,purple,green,bracelet,size
1448-1,70,color41,size,pink,purple,hairdryer,size_pink
1448-1,72,size41,size,red,purple,stapler,size_red
2719-8,1,color44,size,pink,yellow,balloon,pink
2719-8,3,size44,size,blue,red,tack,size
2719-8,5,size31,size,green,red,chair,size_green
2719-8,13,color31,size,green,blue,guitar,green
2719-8,14,size31,size,green,purple,rock,size_green
2719-8,16,size43,size,red,purple,stapler,size_red
2719-8,19,size44,size,green,red,pepper,size
2719-8,21,color43,size,purple,orange,coathanger,purple
2719-8,23,color42,size,purple,blue,rug,purple
2719-8,24,color44,size,black,brown,turtle,black
2719-8,26,color32,size,blue,purple,ornament,blue
2719-8,28,size21,size,orange,yellow,napkin,size
2719-8,30,color33,size,pink,white,weddingcake,pink
2719-8,31,color32,size,purple,red,flower,purple
2719-8,33,color21,size,black,brown,belt,black
2719-8,34,size42,size,yellow,white,shoe,size_yellow
2719-8,36,color21,size,red,blue,toothbrush,red
2719-8,37,color33,size,blue,orange,cushion,blue
2719-8,39,size43,size,purple,green,bracelet,size
2719-8,42,color42,size,green,black,avocado,green
2719-8,44,size42,size,purple,orange,billiardball,size_purple
2719-8,45,size33,size,red,purple,yarn,size
2719-8,49,size22,size,green,brown,jacket,size
2719-8,55,size41,size,black,blue,comb,size_black
2719-8,60,color41,size,blue,green,binder,blue
2719-8,61,color22,size,green,pink,framee,green
2719-8,62,size33,size,pink,white,teacup,size
2719-8,63,size41,size,blue,purple,butterfly,size
2719-8,64,size32,size,pink,red,bucket,size
2719-8,65,size21,size,orange,blue,cap,size
2719-8,66,size22,size,pink,blue,golfball,size
2719-8,68,color41,size,purple,red,bike,purple
2719-8,70,color43,size,red,blue,candle,red
2719-8,71,color31,size,purple,pink,hairdryer,size_purple
2719-8,72,color22,size,black,blue,book,black
7734-1,2,size41,size,purple,red,bike,size
7734-1,5,size44,size,orange,blue,cushion,size
7734-1,6,color32,size,brown,black,turtle,size_brown
7734-1,10,size43,size,green,pink,framee,size
7734-1,15,color21,size,blue,black,book,size_blue
7734-1,17,size43,size,blue,green,guitar,size
7734-1,21,color22,size,purple,orange,coathanger,purple
7734-1,24,size42,size,blue,red,candle,size
7734-1,28,color33,size,blue,purple,ornament,blue
7734-1,30,size33,size,red,pink,bucket,size
7734-1,32,size31,size,white,pink,teacup,size_white
7734-1,38,color41,size,brown,green,jacket,size_brown
7734-1,39,size21,size,blue,purple,rug,size
7734-1,41,size31,size,brown,black,belt,size
7734-1,43,size21,size,black,green,avocado,size
7734-1,46,size22,size,blue,red,toothbrush,size
7734-1,47,size44,size,yellow,pink,balloon,size
7734-1,50,size42,size,yellow,white,shoe,size
7734-1,56,color31,size,purple,green,bracelet,purple
7734-1,58,size33,size,red,green,pepper,size
7734-1,61,size32,size,purple,orange,billiardball,size
7734-1,62,color41,size,purple,red,flower,purple
7734-1,63,color42,size,red,green,chair,red
7734-1,66,size41,size,purple,red,stapler,size_purple
7734-1,68,color31,size,blue,red,tack,blue
7734-1,69,color32,size,blue,green,binder,blue
7734-1,71,color21,size,blue,black,comb,size
7734-1,72,size22,size,blue,purple,butterfly,size
0422-5,2,size33,size,red,green,pepper,size
0422-5,3,color31,size,purple,orange,billiardball,purple
0422-5,5,size22,size,black,brown,turtle,size
0422-5,6,size32,size,black,blue,book,size_black
0422-5,8,size41,size,pink,purple,hairdryer,size_pink
0422-5,10,color33,size,blue,orange,cushion,blue
0422-5,11,color43,size,green,black,avocado,green
0422-5,15,size22,size,orange,blue,cap,size
0422-5,20,color21,size,pink,red,bucket,pink
0422-5,22,size43,size,blue,red,candle,size_blue
0422-5,24,color42,size,white,pink,weddingcake,white
0422-5,26,color41,size,yellow,pink,balloon,yellow
0422-5,27,color22,size,red,purple,bike,red
0422-5,28,size31,size,purple,green,bracelet,size_purple
0422-5,29,size43,size,blue,purple,ornament,size_blue
0422-5,30,color22,size,pink,white,phone,pink
0422-5,32,color21,size,red,purple,stapler,red
0422-5,33,color43,size,blue,red,toothbrush,blue
0422-5,34,color42,size,black,blue,comb,black
0422-5,35,color44,size,red,purple,yarn,red
0422-5,39,size21,size,blue,purple,butterfly,size_blue
0422-5,40,color31,size,blue,red,tack,blue
0422-5,41,color33,size,green,blue,guitar,green
0422-5,44,color44,size,purple,orange,coathanger,purple
0422-5,45,size31,size,pink,blue,golfball,size_pink
0422-5,47,size44,size,blue,green,binder,size
0422-5,48,size41,size,white,yellow,shoe,size_white
0422-5,51,size33,size,yellow,orange,napkin,size
0422-5,52,size44,size,green,purple,rock,size
0422-5,55,color32,size,brown,green,jacket,size_brown
0422-5,59,color41,size,blue,purple,rug,blue
0422-5,60,size32,size,pink,green,framee,size_pink
0422-5,62,size42,size,black,brown,belt,size_black
0422-5,66,color32,size,purple,red,flower,purple
0422-5,71,size21,size,white,pink,teacup,size_white
0422-5,72,size42,size,green,red,chair,size_green
8837-a,3,size33,size,blue,purple,butterfly,size
8837-a,4,size43,size,purple,green,bracelet,size_purple
8837-a,8,color33,size,red,blue,tack,red
9867-6,1,size31,size,orange,blue,cap,size_orange
9867-6,2,size44,size,green,brown,jacket,size_green
9867-6,3,size41,size,green,red,pepper,size_green
9867-6,6,color22,size,blue,pink,golfball,blue
9867-6,8,size22,size,purple,blue,ornament,size_purple
9867-6,9,color44,size,blue,red,candle,blue
9867-6,11,color43,size,yellow,orange,napkin,yellow
9867-6,14,color31,size,red,blue,tack,red
9867-6,19,color42,size,red,purple,stapler,red
9867-6,21,size31,size,red,pink,bucket,size_red
9867-6,22,size42,size,brown,black,turtle,size
1625-9,3,color32,size,purple,red,flower,purple
1625-9,6,size22,size,green,red,pepper,size
1625-9,7,color31,size,purple,blue,butterfly,purple
1625-9,10,color41,size,blue,purple,ornament,blue
1625-9,11,color43,size,pink,white,weddingcake,pink
1625-9,12,color32,size,purple,red,bike,purple
1625-9,13,color21,size,blue,red,tack,blue
1625-9,14,color33,size,red,green,chair,red
1625-9,16,size32,size,purple,red,stapler,size_purple
1625-9,17,color33,size,blue,red,toothbrush,blue
1625-9,20,size31,size,green,pink,framee,size_green
1625-9,21,color44,size,brown,black,turtle,brown
1625-9,27,color42,size,purple,green,rock,purple
1625-9,29,size43,size,orange,blue,cap,orange
1625-9,31,size22,size,green,purple,bracelet,size
1625-9,34,color44,size,purple,orange,billiardball,purple
1625-9,35,color22,size,green,blue,binder,green
1625-9,37,size41,size,yellow,orange,napkin,size_yellow
1625-9,38,size33,size,green,black,avocado,size
1625-9,41,color43,size,purple,orange,coathanger,purple
1625-9,43,size21,size,red,pink,bucket,red
1625-9,45,size42,size,white,yellow,shoe,size_white
1625-9,46,color41,size,blue,black,book,blue
1625-9,47,color21,size,pink,blue,golfball,pink
1625-9,49,size44,size,black,blue,comb,size
1625-9,51,size42,size,brown,black,belt,brown
1625-9,52,size43,size,red,blue,candle,size_red
1625-9,54,color31,size,purple,pink,hairdryer,purple
1625-9,57,size41,size,white,pink,phone,size_white
1625-9,61,color22,size,blue,purple,rug,blue
1625-9,64,size31,size,green,brown,jacket,size_green
1625-9,68,color42,size,yellow,pink,balloon,yellow
1625-9,72,size32,size,red,purple,yarn,red
0244-4,6,size41,size,purple,green,bracelet,size_purple
0244-4,7,color21,size,pink,blue,golfball,pink
0244-4,10,size41,size,blue,black,book,size_blue
0244-4,11,size22,size,green,blue,guitar,size
0244-4,14,size33,size,pink,white,teacup,size
0244-4,15,size22,size,blue,purple,rug,size
0244-4,17,color31,size,brown,green,jacket,brown
0244-4,20,size42,size,yellow,orange,napkin,size_yellow
0244-4,21,size31,size,green,blue,binder,size_green
0244-4,23,size33,size,red,blue,toothbrush,size
0244-4,24,color22,size,red,green,pepper,red
0244-4,26,size21,size,green,red,chair,size_green
0244-4,27,size44,size,blue,orange,cap,size
0244-4,28,size42,size,blue,red,tack,size_blue
0244-4,32,color41,size,red,purple,flower,red
0244-4,36,color33,size,brown,black,turtle,brown
0244-4,38,size32,size,blue,red,candle,size
0244-4,39,color41,size,pink,yellow,balloon,pink
0244-4,40,color22,size,blue,purple,butterfly,blue
0244-4,43,color33,size,red,purple,bike,red
0244-4,44,size31,size,purple,pink,hairdryer,size_purple
0244-4,45,size32,size,green,pink,framee,size
0244-4,48,color42,size,pink,white,weddingcake,pink
0244-4,53,size43,size,pink,red,bucket,size_pink
0244-4,54,color43,size,brown,black,belt,brown
0244-4,56,color44,size,pink,white,phone,pink
0244-4,57,color31,size,white,yellow,shoe,white
0244-4,58,color21,size,green,black,avocado,green
0244-4,59,size21,size,orange,purple,billiardball,size
0244-4,62,size44,size,blue,purple,ornament,size
0244-4,63,color43,size,red,purple,stapler,red
0244-4,64,color42,size,orange,purple,coathanger,orange
0244-4,66,size43,size,green,purple,rock,size_green
0244-4,67,color44,size,black,blue,comb,black
0244-4,70,color32,size,orange,blue,cushion,orange
0244-4,71,color32,size,purple,red,yarn,purple
7569-e,1,size31,size,purple,blue,ornament,purple
7569-e,7,size42,size,orange,purple,coathanger,orange
7569-e,9,color21,size,pink,red,bucket,pink
7569-e,10,color22,size,green,purple,rock,green
7569-e,11,color41,size,black,green,avocado,black
7569-e,12,size32,size,yellow,pink,balloon,yellow
7569-e,14,color43,size,blue,pink,golfball,blue
7569-e,24,color31,size,red,blue,toothbrush,red
7569-e,29,color41,size,red,purple,flower,red
7569-e,30,size33,size,red,purple,stapler,size
7569-e,31,size22,size,red,green,pepper,size
7569-e,36,color22,size,green,brown,jacket,green
7569-e,41,color31,size,pink,white,phone,pink
7569-e,43,color21,size,blue,green,binder,blue
7569-e,45,color33,size,purple,pink,hairdryer,purple
7569-e,46,color42,size,black,brown,belt,black
7569-e,52,size21,size,green,blue,guitar,size_green
7569-e,54,color32,size,blue,orange,cushion,blue
7569-e,55,size42,size,red,green,chair,size
7569-e,57,size43,size,white,pink,weddingcake,size_white
7569-e,58,color32,size,yellow,orange,napkin,yellow
7569-e,60,size44,size,pink,white,teacup,size
7569-e,62,color42,size,orange,purple,billiardball,orange
7569-e,63,color43,size,black,brown,turtle,black
7569-e,66,size44,size,blue,purple,butterfly,size
4509-7,1,color41,size,yellow,white,shoe,yellow
4509-7,2,size33,size,blue,red,toothbrush,size
4509-7,4,size41,size,white,pink,teacup,size
4509-7,5,color22,size,green,purple,rock,green
4509-7,7,size21,size,purple,blue,butterfly,size
4509-7,8,color33,size,purple,red,stapler,purple
4509-7,10,color42,size,pink,yellow,balloon,pink
4509-7,13,size43,size,purple,red,flower,size
4509-7,15,size43,size,red,pink,bucket,size
4509-7,17,color21,size,blue,green,guitar,size_blue
4509-7,20,color43,size,blue,purple,rug,size_blue
4509-7,23,size44,size,purple,green,bracelet,size
4509-7,24,size31,size,red,purple,bike,size
4509-7,25,size33,size,purple,pink,hairdryer,size
4509-7,30,color42,size,orange,yellow,napkin,size_orange
4509-7,32,color31,size,blue,red,candle,size_blue
4509-7,33,color32,size,purple,blue,ornament,size_purple
4509-7,34,size22,size,black,blue,comb,size
4509-7,37,size42,size,orange,purple,billiardball,size_orange
4509-7,39,size42,size,green,black,avocado,size
4509-7,40,size21,size,orange,blue,cap,size
4509-7,41,color41,size,blue,pink,golfball,size_blue
4509-7,42,size22,size,blue,red,tack,size
4509-7,45,color43,size,green,brown,jacket,size_green
4509-7,46,color33,size,green,red,chair,green
4509-7,48,size31,size,blue,black,book,size
4509-7,49,size32,size,pink,green,framee,size
4509-7,54,size44,size,purple,orange,coathanger,size
4509-7,59,color44,size,black,brown,turtle,size_black
4509-7,63,color22,size,green,blue,binder,green
4509-7,64,color32,size,purple,red,yarn,purple
4509-7,66,size41,size,white,pink,weddingcake,size
4509-7,67,color44,size,brown,black,belt,brown
4509-7,70,color31,size,green,red,pepper,green
4509-7,71,color21,size,blue,orange,cushion,blue
4509-7,72,size32,size,white,pink,phone,size
5699-7,1,size44,size,blue,purple,ornament,size
5699-7,4,color21,size,green,red,chair,green
5699-7,7,size31,size,pink,yellow,balloon,size_pink
5699-7,8,color21,size,pink,white,teacup,pink
5699-7,9,size21,size,pink,green,framee,size_pink
5699-7,12,size22,size,black,green,avocado,size
5699-7,14,color33,size,blue,green,binder,blue
5699-7,19,color31,size,pink,red,bucket,pink
5699-7,21,color33,size,orange,purple,coathanger,orange
5699-7,22,color44,size,brown,green,jacket,brown
5699-7,23,color42,size,purple,pink,hairdryer,purple
5699-7,24,size41,size,orange,blue,cushion,size_orange
5699-7,28,color43,size,red,purple,flower,red
5699-7,29,color41,size,red,green,pepper,red
5699-7,30,size41,size,blue,red,toothbrush,size_blue
5699-7,32,color32,size,red,purple,bike,red
5699-7,34,color44,size,black,blue,book,black
5699-7,37,size33,size,pink,white,weddingcake,size
5699-7,38,color22,size,blue,purple,rug,blue
5699-7,40,size32,size,red,blue,tack,size_red
5699-7,41,size33,size,blue,orange,cap,size
5699-7,43,color32,size,purple,orange,billiardball,purple
5699-7,46,color41,size,blue,purple,butterfly,blue
5699-7,47,size43,size,blue,pink,golfball,size
5699-7,48,size32,size,yellow,orange,napkin,size_yellow
5699-7,49,size43,size,red,purple,yarn,size
5699-7,54,color43,size,pink,white,phone,pink
5699-7,55,size44,size,black,brown,belt,size
5699-7,56,size42,size,brown,black,turtle,size_brown
5699-7,58,size31,size,blue,red,candle,size_blue
5699-7,60,color42,size,blue,black,comb,blue
5699-7,64,size21,size,purple,green,bracelet,size_purple
5699-7,66,size42,size,purple,green,rock,size_purple
5699-7,70,size22,size,white,yellow,shoe,size
5699-7,71,color22,size,green,blue,guitar,green
5699-7,72,color31,size,purple,red,stapler,purple
7960-f,1,color22,size,pink,yellow,balloon,pink
7960-f,6,size41,size,blue,orange,cap,size_blue
7960-f,17,color43,size,green,brown,jacket,green
7960-f,18,color31,size,pink,purple,hairdryer,pink
7960-f,19,color44,size,orange,purple,billiardball,orange
7960-f,20,color32,size,blue,purple,ornament,blue
7960-f,22,size44,size,blue,black,comb,size
7960-f,23,size42,size,blue,purple,rug,size_blue
7960-f,25,size31,size,pink,white,phone,size_pink
7960-f,26,size21,size,pink,green,framee,size_pink
7960-f,27,color22,size,purple,orange,coathanger,purple
7960-f,28,size44,size,purple,green,rock,size
7960-f,31,color44,size,pink,blue,golfball,pink
7960-f,32,size33,size,blue,red,toothbrush,size
7960-f,34,color21,size,pink,red,bucket,pink
7960-f,36,size31,size,blue,green,binder,size_blue
7960-f,37,color42,size,yellow,orange,napkin,yellow
7960-f,40,color43,size,green,black,avocado,green
7960-f,42,color21,size,purple,red,stapler,purple
7960-f,44,color33,size,white,pink,teacup,white
7960-f,45,color41,size,red,purple,flower,red
7960-f,46,size33,size,black,brown,turtle,size
7960-f,47,size32,size,purple,red,bike,size_purple
7960-f,50,color42,size,blue,black,book,blue
7960-f,51,size32,size,red,blue,candle,size_red
7960-f,52,size41,size,black,brown,belt,size_black
7960-f,55,size43,size,blue,red,tack,size_blue
7960-f,58,color41,size,purple,green,bracelet,purple
7960-f,61,size22,size,blue,purple,butterfly,size
7960-f,63,color32,size,red,purple,yarn,red
7960-f,66,size21,size,blue,green,guitar,size_blue
7960-f,68,color33,size,pink,white,weddingcake,pink
7960-f,70,size22,size,red,green,pepper,size
7960-f,72,color31,size,green,red,chair,green
6625-1,3,color21,size,pink,blue,golfball,pink
6625-1,6,color21,size,pink,green,framee,pink
6625-1,10,size32,size,brown,black,turtle,size
6625-1,15,size33,size,red,purple,bike,size
6625-1,17,color41,size,pink,purple,hairdryer,pink
6625-1,18,color41,size,orange,purple,billiardball,orange
6625-1,19,size42,size,green,purple,rock,size_green
6625-1,21,color31,size,blue,orange,cushion,blue
6625-1,24,color43,size,blue,red,candle,blue
6625-1,26,color33,size,white,yellow,shoe,white
6625-1,27,size41,size,green,brown,jacket,size_green
6625-1,29,size43,size,blue,purple,ornament,size_blue
6625-1,30,color22,size,red,purple,stapler,red
6625-1,31,color44,size,yellow,pink,balloon,yellow
6625-1,33,size41,size,black,green,avocado,size
6625-1,34,size22,size,orange,blue,cap,size
6625-1,36,color42,size,red,blue,toothbrush,red
6625-1,37,size22,size,purple,orange,coathanger,size
6625-1,39,color42,size,blue,black,book,blue
6625-1,40,color32,size,red,green,pepper,red
6625-1,44,color22,size,purple,green,bracelet,purple
6625-1,46,size42,size,red,green,chair,size_red
6625-1,54,color32,size,brown,black,belt,brown
6625-1,56,size31,size,pink,white,weddingcake,size_pink
6625-1,57,color44,size,blue,green,binder,blue
6625-1,58,size33,size,red,blue,tack,size_red
6625-1,59,size44,size,purple,blue,rug,size_purple
6625-1,61,color31,size,yellow,orange,napkin,yellow
6625-1,63,size21,size,purple,blue,butterfly,size_purple
6625-1,65,size43,size,red,purple,yarn,size_red
6625-1,66,color43,size,white,pink,phone,white
6625-1,67,size31,size,blue,green,guitar,size_blue
6625-1,69,size32,size,blue,black,comb,size_blue
6625-1,70,size21,size,purple,red,flower,size_purple
6625-1,71,color33,size,white,pink,teacup,white
6625-1,72,size44,size,pink,red,bucket,size_pink
7082-7,3,color41,size,green,black,avocado,green
7082-7,4,color31,size,black,brown,turtle,black
7082-7,5,color22,size,orange,purple,billiardball,orange
7082-7,6,size42,size,purple,green,bracelet,size_purple
7082-7,8,size44,size,green,brown,jacket,size_green
7082-7,9,color43,size,orange,blue,cushion,orange
7082-7,10,size31,size,green,blue,binder,size_green
7082-7,11,color31,size,pink,white,phone,pink
7082-7,12,size32,size,blue,orange,cap,size_blue
7082-7,13,color42,size,black,blue,book,black
7082-7,14,color21,size,red,blue,candle,red
7082-7,19,size31,size,pink,green,framee,size_pink
7082-7,21,color43,size,pink,white,teacup,pink
7082-7,23,size21,size,red,purple,flower,size
7082-7,25,color22,size,pink,purple,hairdryer,pink
7082-7,27,size42,size,purple,orange,coathanger,size_purple
7082-7,29,color33,size,purple,red,yarn,purple
7082-7,30,color32,size,yellow,white,shoe,yellow
7082-7,32,color33,size,green,purple,rock,green
7082-7,33,size41,size,pink,white,weddingcake,size_pink
7082-7,35,size44,size,blue,green,guitar,size
7082-7,37,color44,size,pink,blue,golfball,pink
7082-7,39,size43,size,brown,black,belt,size_brown
7082-7,40,size33,size,yellow,pink,balloon,size
7082-7,45,color44,size,red,green,pepper,red
7082-7,51,size33,size,blue,red,tack,size
7082-7,52,size22,size,green,red,chair,size
7082-7,56,color32,size,black,blue,comb,black
7082-7,57,color21,size,blue,red,toothbrush,blue
7082-7,58,color42,size,orange,yellow,napkin,orange
7082-7,60,size22,size,blue,purple,rug,size
7082-7,61,size32,size,red,purple,bike,size_red
7082-7,62,size21,size,blue,purple,butterfly,size_blue
7082-7,64,size41,size,red,purple,stapler,size_red
7082-7,68,color41,size,purple,blue,ornament,purple
7082-7,69,size43,size,red,pink,bucket,size
4123-8,1,size41,size,purple,orange,coathanger,size_purple
4123-8,3,size32,size,pink,red,bucket,size
4123-8,4,color42,size,green,purple,bracelet,green
4123-8,9,color44,size,blue,red,toothbrush,blue
4123-8,10,color22,size,pink,white,weddingcake,pink
4123-8,11,color42,size,black,blue,book,black
4123-8,14,size44,size,green,blue,binder,size
4123-8,15,color32,size,blue,pink,golfball,blue
4123-8,18,size31,size,yellow,orange,napkin,size
4123-8,19,size42,size,blue,red,tack,size_blue
4123-8,20,color32,size,red,purple,stapler,red
4123-8,22,size33,size,green,brown,jacket,size
4123-8,23,size21,size,red,purple,bike,size_red
4123-8,26,size42,size,green,blue,guitar,size_green
4123-8,29,color43,size,blue,black,comb,blue
4123-8,31,size41,size,green,red,pepper,size_green
4123-8,37,color21,size,blue,purple,ornament,blue
4123-8,43,size44,size,black,brown,belt,size
4123-8,44,size31,size,purple,blue,butterfly,size_purple
4123-8,45,color41,size,brown,black,turtle,brown
5584-c,1,size43,size,black,green,avocado,size
5584-c,2,color21,size,blue,pink,golfball,blue
5584-c,4,color31,size,green,red,chair,green
5584-c,6,size21,size,purple,blue,ornament,size
5584-c,7,color43,size,blue,red,tack,blue
5584-c,10,size42,size,blue,green,guitar,size
5584-c,13,size22,size,blue,red,toothbrush,size
5584-c,14,color41,size,blue,red,candle,blue
5584-c,18,color32,size,blue,purple,rug,blue
5584-c,19,size43,size,brown,black,belt,size
5584-c,20,size32,size,green,red,pepper,size
5584-c,21,size44,size,blue,green,binder,size
5584-c,23,color44,size,black,blue,book,black
5584-c,24,color42,size,black,blue,comb,black
5584-c,26,size31,size,red,pink,bucket,size
5584-c,28,color31,size,brown,green,jacket,brown
5584-c,31,color43,size,blue,purple,butterfly,blue
5584-c,32,color42,size,white,yellow,shoe,white
5584-c,33,color21,size,blue,orange,cap,blue
5584-c,35,color33,size,white,pink,weddingcake,white
5584-c,36,size31,size,pink,yellow,balloon,size
5584-c,37,size21,size,yellow,orange,napkin,size
5584-c,38,color22,size,purple,orange,coathanger,purple
5584-c,39,color41,size,white,pink,phone,white
5584-c,42,size32,size,purple,red,flower,size
5584-c,43,size33,size,purple,green,rock,size
5584-c,49,size41,size,purple,red,stapler,size
5584-c,51,size44,size,orange,purple,billiardball,size
5584-c,53,size41,size,red,purple,yarn,size
5584-c,54,size42,size,pink,white,teacup,size
5584-c,57,size22,size,purple,green,bracelet,size
5584-c,60,size33,size,brown,black,turtle,size
5584-c,62,color33,size,orange,blue,cushion,orange
5584-c,63,color22,size,purple,pink,hairdryer,purple
5584-c,65,color44,size,red,purple,bike,red
5584-c,68,color32,size,green,pink,framee,green
8800-a,11,size33,size,purple,blue,butterfly,size
8800-a,13,size42,size,purple,green,bracelet,size
8800-a,18,size22,size,purple,blue,rug,size
8800-a,24,size33,size,blue,red,candle,size
8800-a,31,size44,size,pink,purple,hairdryer,size
8800-a,32,size31,size,brown,black,turtle,size
8800-a,41,size32,size,blue,pink,golfball,size
8800-a,46,size43,size,orange,purple,coathanger,size
8800-a,48,size22,size,green,red,pepper,size
8800-a,50,size44,size,orange,blue,cushion,size
8800-a,55,size43,size,yellow,white,shoe,size
8800-a,63,size32,size,blue,orange,cap,size
8800-a,64,size41,size,blue,black,comb,size
8800-a,65,size31,size,purple,red,stapler,size
8800-a,66,size21,size,red,blue,tack,size
8800-a,67,size41,size,blue,purple,ornament,size
8800-a,69,size42,size,red,green,chair,size
6517-b,1,color32,size,green,purple,bracelet,green
6517-b,2,color31,size,pink,purple,hairdryer,pink
6517-b,4,color21,size,green,blue,guitar,green
6517-b,5,color44,size,orange,purple,coathanger,orange
6517-b,8,color22,size,green,pink,framee,green
6517-b,10,color42,size,red,purple,stapler,red
6517-b,12,size41,size,orange,yellow,napkin,size_orange
6517-b,13,size41,size,red,purple,yarn,size_red
6517-b,15,size22,size,red,purple,bike,size
6517-b,19,color43,size,blue,red,toothbrush,blue
6517-b,20,size42,size,green,purple,rock,size_green
6517-b,23,size44,size,orange,blue,cap,size
6517-b,26,size22,size,green,black,avocado,size
6517-b,29,size21,size,white,pink,teacup,size
6517-b,30,color43,size,white,pink,weddingcake,white
6517-b,33,size33,size,blue,pink,golfball,size
6517-b,34,color41,size,green,red,pepper,green
6517-b,35,size21,size,black,brown,belt,size_black
6517-b,38,size32,size,purple,blue,butterfly,size
6517-b,39,color31,size,blue,black,comb,blue
6517-b,40,size43,size,red,pink,bucket,size
6517-b,44,size43,size,red,green,chair,size
6517-b,47,size44,size,purple,blue,rug,size
6517-b,48,color41,size,blue,black,book,blue
6517-b,49,size42,size,red,blue,tack,size
6517-b,50,size32,size,orange,purple,billiardball,size
6517-b,52,color22,size,red,blue,candle,red
6517-b,55,color21,size,blue,purple,ornament,blue
6517-b,56,color33,size,orange,blue,cushion,orange
6517-b,57,color32,size,white,yellow,shoe,white
6517-b,58,size31,size,brown,green,jacket,size
6517-b,65,color44,size,pink,white,phone,pink
6517-b,69,color33,size,red,purple,flower,red
6517-b,71,color42,size,green,blue,binder,green
6517-b,72,size31,size,brown,black,turtle,size
3188-4,1,color33,size,orange,purple,billiardball,orange
3188-4,2,size21,size,white,yellow,shoe,size_white
3188-4,5,size22,size,purple,green,rock,size_purple
3188-4,11,size32,size,pink,white,phone,size_pink
3188-4,12,size43,size,black,blue,book,size_black
3188-4,14,color44,size,red,blue,tack,red
3188-4,15,color41,size,blue,black,comb,blue
3188-4,16,color21,size,blue,green,binder,blue
3188-4,17,size32,size,purple,blue,rug,size_purple
3188-4,20,size33,size,red,blue,toothbrush,size
3188-4,21,color31,size,purple,blue,ornament,purple
3188-4,25,color43,size,red,pink,bucket,red
3188-4,26,color43,size,purple,red,yarn,purple
3188-4,33,size42,size,orange,blue,cushion,size_orange
3188-4,34,size31,size,orange,purple,coathanger,size_orange
3188-4,36,color42,size,blue,purple,butterfly,blue
3188-4,40,color32,size,blue,green,guitar,blue
3188-4,41,color44,size,pink,white,weddingcake,pink
3188-4,42,color32,size,purple,red,stapler,purple
3188-4,43,color31,size,red,green,pepper,red
3188-4,45,size42,size,green,red,chair,size_green
3188-4,46,size22,size,pink,yellow,balloon,size
3188-4,50,size44,size,black,brown,belt,size
3188-4,52,color22,size,red,blue,candle,red
3188-4,53,color33,size,pink,purple,hairdryer,pink
3188-4,54,size41,size,orange,yellow,napkin,size_orange
3188-4,56,color21,size,brown,green,jacket,brown
3188-4,59,size31,size,black,brown,turtle,size
3188-4,60,color42,size,green,purple,bracelet,green
3188-4,64,size43,size,orange,blue,cap,size_orange
3188-4,65,size21,size,black,green,avocado,size
3188-4,66,size33,size,pink,white,teacup,size
3188-4,67,color22,size,pink,green,framee,pink
3188-4,68,color41,size,purple,red,flower,purple
3188-4,69,size44,size,red,purple,bike,size
8883-2,1,size31,size,blue,purple,ornament,size_blue
8883-2,2,color43,size,purple,blue,butterfly,purple
8883-2,3,color32,size,pink,white,weddingcake,pink
8883-2,4,color44,size,purple,green,rock,purple
8883-2,6,size44,size,pink,green,framee,size
8883-2,8,color33,size,brown,black,belt,brown
8883-2,9,color44,size,blue,red,candle,blue
8883-2,10,color41,size,red,purple,flower,red
8883-2,15,color22,size,red,purple,bike,red
8883-2,17,color33,size,white,pink,teacup,white
8883-2,19,color31,size,white,pink,phone,white
8883-2,20,size44,size,yellow,pink,balloon,size
8883-2,21,size43,size,red,purple,stapler,size_red
8883-2,22,color21,size,blue,pink,golfball,size_blue
8883-2,23,size41,size,blue,red,toothbrush,size_blue
8883-2,29,color42,size,black,blue,comb,size_black
8883-2,30,color42,size,purple,orange,coathanger,purple
8883-2,35,size22,size,purple,green,bracelet,size
8883-2,37,size41,size,blue,red,tack,size_blue
8883-2,38,color43,size,blue,green,guitar,blue
8883-2,39,size42,size,blue,green,binder,size
8883-2,40,size32,size,yellow,orange,napkin,size
8883-2,43,color41,size,blue,orange,cushion,blue
8883-2,45,size21,size,yellow,white,shoe,size
8883-2,50,size32,size,purple,orange,billiardball,size
8883-2,52,size22,size,orange,blue,cap,size
8883-2,53,color21,size,red,green,chair,red
8883-2,54,size42,size,purple,red,yarn,size_purple
8883-2,56,color31,size,purple,pink,hairdryer,size_purple
8883-2,57,size33,size,red,green,pepper,size
8883-2,58,size31,size,brown,green,jacket,size_brown
8883-2,59,size21,size,blue,purple,rug,size
8883-2,63,color32,size,pink,red,bucket,pink
8883-2,69,size43,size,black,blue,book,size
8883-2,71,size33,size,brown,black,turtle,size
8883-2,72,color22,size,green,black,avocado,green
6344-9,3,color31,size,blue,orange,cushion,blue
6344-9,4,color32,size,red,purple,flower,red
6344-9,5,color42,size,blue,black,book,blue
6344-9,7,size42,size,blue,purple,rug,size_blue
6344-9,12,color42,size,purple,red,stapler,purple
6344-9,13,size43,size,white,pink,teacup,size_white
6344-9,14,size41,size,red,blue,tack,size_red
6344-9,15,size22,size,red,blue,toothbrush,size
6344-9,16,color41,size,blue,green,binder,blue
6344-9,18,color22,size,pink,yellow,balloon,pink
6344-9,20,size21,size,pink,red,bucket,size_pink
6344-9,23,size31,size,green,red,chair,size_green
6344-9,24,color41,size,brown,green,jacket,size_brown
6344-9,25,color21,size,green,purple,bracelet,green
6344-9,26,size33,size,blue,green,guitar,size
6344-9,29,size42,size,brown,black,belt,size
6344-9,30,size31,size,blue,purple,butterfly,size
6344-9,31,color33,size,blue,purple,ornament,blue
6344-9,33,size43,size,yellow,white,shoe,size_yellow
6344-9,38,size33,size,pink,white,phone,size
6344-9,40,color43,size,purple,orange,billiardball,purple
6344-9,42,size32,size,pink,white,weddingcake,size
6344-9,45,size44,size,red,purple,yarn,size
6344-9,46,color44,size,red,purple,bike,red
6344-9,49,size32,size,orange,purple,coathanger,size_orange
6344-9,50,color44,size,orange,blue,cap,orange
6344-9,52,size22,size,black,green,avocado,size
6344-9,53,size44,size,green,red,pepper,size
6344-9,54,color22,size,black,brown,turtle,black
6344-9,55,color33,size,purple,green,rock,purple
6344-9,61,size21,size,red,blue,candle,size
6344-9,62,color32,size,blue,pink,golfball,size_blue
6344-9,66,color43,size,black,blue,comb,black
6344-9,68,color31,size,orange,yellow,napkin,orange
6344-9,71,color21,size,green,pink,framee,green
0189-3,1,size21,size,purple,red,yarn,size_purple
0189-3,2,size42,size,white,pink,phone,size_white
0189-3,4,size41,size,blue,purple,butterfly,size_blue
0189-3,6,size31,size,red,pink,bucket,size_red
0189-3,8,color31,size,red,purple,bike,red
0189-3,11,size21,size,red,blue,toothbrush,size_red
0189-3,14,size43,size,black,green,avocado,size_black
0189-3,17,size44,size,blue,green,binder,size
0189-3,18,size42,size,red,blue,tack,size_red
0189-3,20,color22,size,white,yellow,shoe,white
0189-3,22,color41,size,purple,green,rock,purple
0189-3,23,color31,size,brown,black,turtle,brown
0189-3,25,color42,size,purple,blue,ornament,purple
0189-3,26,size22,size,orange,purple,billiardball,size
0189-3,34,color42,size,pink,white,weddingcake,pink
0189-3,35,size43,size,purple,green,bracelet,size_purple
0189-3,36,color43,size,red,blue,candle,red
0189-3,38,color43,size,pink,white,teacup,pink
0189-3,41,color44,size,brown,black,belt,brown
0189-3,42,size41,size,black,blue,book,size_black
0189-3,43,size33,size,purple,orange,coathanger,size
0189-3,44,size32,size,blue,pink,golfball,size
0189-3,45,color21,size,yellow,pink,balloon,yellow
0189-3,46,color33,size,pink,purple,hairdryer,pink
0189-3,49,color44,size,purple,red,flower,purple
0189-3,50,size44,size,green,pink,framee,size
0189-3,52,size31,size,orange,yellow,napkin,size
0189-3,56,size33,size,green,red,chair,size
0189-3,58,size32,size,blue,black,comb,size
0189-3,59,color32,size,red,purple,stapler,red
0189-3,60,color21,size,green,blue,guitar,green
0189-3,62,color41,size,purple,blue,rug,purple
0189-3,64,color22,size,red,green,pepper,red
0189-3,66,color33,size,brown,green,jacket,brown
0189-3,67,color32,size,blue,orange,cap,blue
0189-3,72,size22,size,blue,orange,cushion,size
9173-f,1,size43,size,orange,blue,cushion,size_orange
9173-f,7,size21,size,red,purple,bike,size_red
9173-f,10,size42,size,red,blue,candle,size_red
9173-f,11,size33,size,purple,blue,butterfly,size
9173-f,12,size43,size,black,blue,comb,size
9173-f,13,color41,size,blue,red,toothbrush,blue
9173-f,14,color44,size,green,purple,rock,green
9173-f,15,size41,size,orange,purple,coathanger,size_orange
9173-f,16,color31,size,blue,red,tack,blue
9173-f,17,size42,size,purple,blue,rug,size
9173-f,21,size32,size,black,brown,belt,size_black
9173-f,24,size44,size,orange,purple,billiardball,size
9173-f,26,color42,size,black,green,avocado,black
9173-f,27,size44,size,green,blue,binder,size
9173-f,28,color21,size,white,pink,weddingcake,white
9173-f,29,color32,size,green,pink,framee,green
9173-f,32,size22,size,pink,yellow,balloon,size
9173-f,33,color42,size,green,blue,guitar,green
9173-f,36,size41,size,purple,blue,ornament,size_purple
9173-f,41,size33,size,green,purple,bracelet,size
9173-f,48,size21,size,pink,white,teacup,size_pink
9173-f,49,size31,size,green,red,chair,size_green
9173-f,50,color21,size,red,purple,flower,size_red
9173-f,52,color43,size,pink,red,bucket,pink
9173-f,53,color33,size,brown,black,turtle,brown
9173-f,54,size22,size,yellow,white,shoe,size
9173-f,56,color31,size,brown,green,jacket,brown
9173-f,58,color22,size,pink,blue,golfball,pink
9173-f,60,size32,size,green,red,pepper,size_green
9173-f,61,size31,size,red,purple,yarn,size_red
9173-f,65,color33,size,white,pink,phone,white
9173-f,66,color22,size,yellow,orange,napkin,yellow
9173-f,67,color44,size,blue,orange,cap,blue
9173-f,68,color32,size,red,purple,stapler,red
9173-f,71,color43,size,pink,purple,hairdryer,pink
9173-f,72,color41,size,blue,black,book,blue